day_of_year_norm,temperature_2m_max_mean,temperature_2m_max_std,temperature_2m_max_min,temperature_2m_max_max,temperature_2m_min_mean,temperature_2m_min_std,temperature_2m_min_min,temperature_2m_min_max,precipitation_sum_mean,precipitation_sum_std,precipitation_sum_min,precipitation_sum_max,n_observations,temperature_2m_max_mean_smoothed,temperature_2m_min_mean_smoothed,precipitation_sum_mean_smoothed
1,9.28,3.15,4.7,12.0,3.2,3.92,-2.2,7.7,6.36,6.68,0.0,17.3,5,8.43142857142857,1.7657142857142856,3.845714285714286
2,9.4,3.95,5.3,14.1,0.96,3.45,-4.6,4.2,5.2,9.08,0.0,21.1,5,7.888571428571429,1.3285714285714287,3.44
3,5.92,4.24,2.6,12.8,-0.18,4.67,-4.1,7.9,3.7,4.12,0.0,8.7,5,7.065714285714286,0.7828571428571429,3.662857142857143
4,6.08,6.8,-0.0,16.8,0.02,6.21,-6.3,10.2,0.82,1.11,0.0,2.5,5,6.174285714285714,-0.07142857142857142,3.4457142857142857
5,5.74,4.88,0.2,13.0,-0.18,5.19,-5.3,8.1,0.6,1.29,0.0,2.9,5,5.1571428571428575,-1.1428571428571428,2.5371428571428574
6,3.78,3.64,-1.7,8.4,-1.32,3.46,-4.9,3.4,3.82,4.82,0.0,11.1,5,4.517142857142857,-1.7771428571428574,2.8200000000000003
7,3.02,4.41,-2.8,8.2,-3.0,3.83,-8.7,0.6,3.62,5.02,0.0,10.5,5,4.571428571428571,-1.874285714285714,3.3485714285714288
8,2.16,4.19,-2.5,6.3,-4.3,2.51,-7.5,-2.0,0.0,0.0,0.0,0.0,5,4.005714285714286,-2.345714285714286,3.282857142857143
9,4.92,5.31,-1.6,12.5,-3.48,2.86,-6.7,1.1,7.18,12.75,0.0,29.7,5,4.154285714285714,-2.7114285714285713,3.914285714285714
10,6.3,4.02,3.1,13.2,-0.86,3.98,-3.7,5.7,7.4,16.55,0.0,37.0,5,4.925714285714285,-2.5742857142857143,4.345714285714285
11,2.12,4.4,-3.9,7.9,-3.28,3.35,-8.3,0.5,0.36,0.8,0.0,1.8,5,5.171428571428572,-2.5171428571428573,3.8485714285714288
12,6.78,2.66,4.6,11.0,-2.74,2.66,-7.2,-0.1,5.02,10.73,0.0,24.2,5,5.014285714285714,-2.6028571428571428,3.9542857142857146
13,9.18,3.74,6.2,14.1,-0.36,2.91,-3.6,3.4,6.84,13.94,0.0,31.7,5,4.862857142857143,-2.8228571428571425,3.9257142857142853
14,4.74,3.01,0.5,8.5,-2.6,1.72,-4.3,-0.7,0.14,0.31,0.0,0.7,5,4.6571428571428575,-3.1285714285714286,3.8428571428571425
15,1.06,5.35,-5.3,8.2,-4.9,3.83,-10.6,-0.8,0.74,1.18,0.0,2.7,5,5.131428571428572,-2.8542857142857145,3.9200000000000004
16,3.86,4.28,-1.1,8.3,-5.02,5.46,-13.0,2.0,6.98,8.37,0.0,20.1,5,4.765714285714286,-2.7142857142857144,4.014285714285714
17,4.86,5.35,-4.2,9.4,-3.0,3.87,-8.9,0.5,6.82,15.03,0.0,33.7,5,3.84,-3.345714285714286,3.2942857142857145
18,5.44,4.08,0.5,10.9,-1.36,3.95,-6.5,3.2,0.9,0.96,0.1,2.0,5,3.065714285714286,-4.1,3.2971428571428576
19,4.22,3.39,-0.9,7.9,-1.76,2.58,-4.4,2.4,5.68,7.71,0.0,18.5,5,3.0914285714285716,-4.454285714285715,3.371428571428571
20,2.7,5.45,-3.4,9.0,-4.78,4.72,-9.8,2.3,1.8,2.85,0.0,6.8,5,2.745714285714286,-4.365714285714286,2.834285714285714
21,-0.68,6.36,-8.6,5.9,-7.88,4.78,-13.9,-1.8,0.16,0.23,0.0,0.5,5,2.491428571428571,-4.44,1.9485714285714286
22,1.24,6.09,-8.1,6.8,-7.38,6.23,-15.5,-0.0,1.26,2.82,0.0,6.3,5,2.5799999999999996,-4.7057142857142855,2.391428571428572
23,1.44,3.26,-3.3,4.6,-4.4,5.23,-12.5,1.5,3.22,6.33,0.0,14.5,5,2.665714285714286,-4.6571428571428575,2.2028571428571433
24,3.08,4.16,-1.2,8.3,-3.52,3.87,-9.0,0.7,0.62,1.33,0.0,3.0,5,2.88,-4.331428571428572,1.957142857142857
25,6.06,5.72,-1.9,12.1,-3.22,7.1,-12.9,7.0,4.0,6.3,0.0,14.4,5,3.5799999999999996,-3.431428571428572,2.64
26,4.82,5.74,-2.8,11.7,-1.42,4.63,-7.4,3.2,4.36,5.23,0.0,12.8,5,3.954285714285714,-2.914285714285714,3.1000000000000005
27,4.2,3.5,-0.3,8.8,-2.5,4.16,-8.5,2.7,0.08,0.18,0.0,0.4,5,4.0600000000000005,-3.1257142857142854,2.64
28,4.22,4.23,0.4,10.8,-1.58,3.21,-6.2,2.5,4.94,9.76,0.0,22.3,5,3.9400000000000004,-3.2342857142857144,2.988571428571429
29,3.86,6.44,-4.1,10.2,-3.76,6.31,-12.1,1.2,4.48,9.36,0.0,21.2,5,3.6314285714285712,-3.5342857142857147,3.6400000000000006
30,2.18,6.14,-6.4,10.7,-5.88,5.76,-13.3,2.2,0.0,0.0,0.0,0.0,5,3.4428571428571426,-3.8857142857142857,3.525714285714286
31,2.24,5.53,-4.8,7.6,-4.28,7.46,-15.9,2.0,3.06,4.48,0.0,10.9,5,3.4857142857142853,-3.9971428571428573,3.834285714285715
32,3.9,4.27,-1.2,8.6,-5.32,3.91,-12.1,-2.4,8.56,16.3,0.0,37.6,5,3.5685714285714285,-4.508571428571428,3.694285714285715
33,3.5,1.42,1.9,5.5,-3.88,4.0,-9.1,1.4,3.56,3.51,0.0,7.2,5,3.5800000000000005,-4.5200000000000005,3.1114285714285717
34,4.5,3.71,0.7,9.8,-3.28,5.08,-11.1,3.1,2.24,4.84,0.0,10.9,5,3.911428571428572,-4.234285714285714,3.3942857142857146
35,4.8,5.93,-4.1,11.9,-5.16,6.4,-16.3,-0.0,3.96,8.47,0.0,19.1,5,4.16,-4.102857142857142,3.508571428571429
36,3.94,4.11,-1.6,8.7,-3.84,1.57,-6.5,-2.4,0.4,0.57,0.0,1.2,5,4.2942857142857145,-3.8628571428571425,2.717142857142857
37,4.5,3.99,-1.3,9.9,-3.88,3.29,-8.8,-0.7,1.98,4.43,0.0,9.9,5,4.637142857142857,-3.7485714285714287,2.4428571428571426
38,3.98,2.77,0.5,7.8,-3.36,1.22,-4.8,-1.9,3.86,4.03,0.0,9.1,5,5.174285714285714,-3.4114285714285715,2.1257142857142854
39,4.84,5.89,-3.4,10.3,-3.64,4.37,-10.4,1.2,3.02,3.18,0.0,6.7,5,5.2542857142857144,-3.042857142857143,1.76
40,5.9,4.49,1.4,11.5,-3.08,4.13,-9.1,1.8,1.64,2.73,0.0,6.3,5,5.425714285714286,-2.7257142857142855,1.8514285714285712
41,8.26,7.45,-0.1,15.1,-0.92,6.44,-9.9,6.3,0.02,0.04,0.0,0.1,5,5.531428571428572,-2.402857142857143,2.8285714285714283
42,5.36,4.84,0.1,10.7,-2.58,4.89,-8.8,3.7,1.4,2.26,0.0,5.2,5,5.285714285714286,-2.4,2.2885714285714287
43,5.14,6.46,-3.0,13.6,-1.62,6.12,-10.8,6.4,1.04,2.11,0.0,4.8,5,5.159999999999999,-2.3457142857142856,2.111428571428571
44,5.24,5.6,-2.6,12.5,-1.62,3.87,-7.4,2.5,8.82,10.72,1.7,27.5,5,5.691428571428571,-1.7514285714285716,3.494285714285714
45,2.26,5.47,-3.8,11.2,-3.34,4.71,-10.4,2.7,0.08,0.18,0.0,0.4,5,5.4799999999999995,-1.817142857142857,4.034285714285714
46,3.96,6.64,-0.5,15.7,-3.26,4.42,-8.7,3.3,1.78,3.15,0.0,7.3,5,5.265714285714286,-2.0942857142857143,4.617142857142857
47,9.62,5.13,5.0,17.8,1.08,4.98,-3.9,9.2,11.32,14.86,0.0,32.6,5,4.945714285714286,-2.4885714285714284,4.642857142857143
48,6.78,8.05,-0.3,15.6,-1.38,5.06,-6.1,6.6,3.8,5.16,0.0,11.9,5,4.691428571428571,-2.8285714285714283,3.4199999999999995
49,3.86,7.15,-2.6,15.2,-4.52,2.29,-7.8,-2.2,5.48,7.51,0.0,13.9,5,4.96,-2.8542857142857136,3.54
50,2.9,3.82,-1.3,8.2,-4.38,3.2,-8.9,-0.3,1.22,2.46,0.0,5.6,5,5.277142857142857,-2.8685714285714283,3.9885714285714284
51,3.46,6.91,-1.5,15.6,-4.0,5.74,-8.5,6.0,0.26,0.43,0.0,1.0,5,5.3342857142857145,-2.82,2.4914285714285715
52,4.14,4.11,-0.4,8.4,-3.52,4.09,-7.7,2.1,0.92,2.06,0.0,4.6,5,5.282857142857142,-2.825714285714286,1.9514285714285717
53,6.18,4.21,3.1,13.4,-3.36,3.71,-7.1,1.3,4.92,5.7,0.0,14.0,5,5.5371428571428565,-2.4714285714285715,1.8342857142857143
54,10.02,5.07,7.0,19.0,1.42,2.56,-1.5,4.2,0.84,1.28,0.0,3.1,5,6.311428571428571,-2.182857142857143,1.7457142857142858
55,6.42,2.5,2.7,9.5,-1.42,1.09,-2.9,-0.2,0.02,0.04,0.0,0.1,5,7.214285714285714,-1.4800000000000002,2.342857142857143
56,5.64,4.24,0.6,10.6,-2.04,4.43,-7.0,4.2,4.66,10.09,0.0,22.7,5,7.694285714285714,-0.8442857142857142,3.0442857142857145
57,8.32,4.16,3.1,13.9,-2.36,3.32,-6.4,2.5,0.6,1.18,0.0,2.7,5,7.971428571428571,-0.6042857142857142,2.6185714285714283
58,9.78,3.37,4.6,12.3,0.92,3.34,-2.9,5.3,4.44,3.51,0.0,9.0,5,7.554285714285714,-1.0157142857142856,3.3414285714285716
59,7.5,5.16,1.7,16.0,0.93,4.98,-4.3,9.9,5.83,7.14,0.0,15.6,6,7.934285714285714,-0.9528571428571428,3.521428571428572
60,8.12,4.57,4.5,15.7,-1.68,2.54,-4.4,2.1,1.94,3.8,0.0,8.7,5,8.265714285714285,-0.7471428571428571,4.2128571428571435
61,7.1,6.1,0.4,14.0,-1.46,5.05,-7.2,2.8,5.9,12.53,0.0,28.3,5,8.205714285714285,-0.3614285714285714,5.638571428571429
62,9.08,5.88,3.4,18.5,-0.98,4.26,-5.3,6.1,1.28,1.78,0.0,3.6,5,8.308571428571428,-0.29,6.272857142857143
63,7.96,3.84,2.9,12.9,-0.6,4.39,-6.9,3.8,9.5,21.24,0.0,47.5,5,8.78,-0.022857142857142878,5.745714285714286
64,7.9,4.03,2.3,12.1,0.34,5.73,-6.2,7.2,10.58,15.56,0.0,34.8,5,8.945714285714285,0.09714285714285711,5.471428571428571
65,10.5,6.28,1.6,19.1,1.42,3.4,-4.3,4.1,8.88,14.63,0.0,34.6,5,9.35142857142857,0.40285714285714286,5.685714285714285
66,10.8,6.54,4.4,21.3,2.8,6.48,-4.8,12.2,2.14,2.1,0.0,4.8,5,9.525714285714287,0.6085714285714285,6.114285714285714
67,9.28,3.29,6.0,13.6,-0.84,3.54,-6.4,2.3,0.02,0.04,0.0,0.1,5,9.98,0.9942857142857141,5.1571428571428575
68,9.94,4.47,4.0,16.4,0.68,2.16,-1.9,3.8,7.4,10.53,0.0,22.7,5,10.588571428571429,1.2914285714285714,4.191428571428571
69,10.3,3.18,7.3,15.5,0.46,2.58,-1.7,4.2,4.28,6.48,0.0,14.6,5,10.262857142857143,1.1514285714285715,3.391428571428572
70,11.14,3.49,6.9,16.0,2.1,1.87,-0.1,4.2,2.8,6.26,0.0,14.0,5,10.348571428571429,0.8828571428571428,3.545714285714286
71,12.16,5.39,7.0,18.5,2.42,5.71,-4.1,11.1,3.82,8.21,0.0,18.5,5,10.554285714285715,1.3428571428571427,3.571428571428572
72,8.22,3.95,2.8,13.3,0.44,4.04,-5.9,3.9,3.28,7.22,0.0,16.2,5,10.797142857142859,1.554285714285714,2.9171428571428573
73,11.4,5.62,3.7,19.5,0.92,2.04,-1.3,4.0,3.22,7.2,0.0,16.1,5,11.182857142857143,2.0628571428571427,3.4771428571428564
74,10.72,7.27,2.9,21.7,2.38,5.31,-5.7,8.7,0.2,0.28,0.0,0.6,5,11.285714285714288,2.254285714285714,3.582857142857143
75,11.64,5.13,2.7,15.7,2.16,4.56,-3.9,7.3,2.82,6.14,0.0,13.8,5,10.817142857142857,2.057142857142857,3.2142857142857144
76,13.0,3.09,7.7,15.7,4.02,2.38,1.1,7.5,8.2,14.06,0.0,32.7,5,11.242857142857144,2.222857142857143,3.042857142857143
77,11.86,4.17,7.7,18.2,3.44,2.15,0.8,6.6,3.54,7.32,0.0,16.6,5,11.297142857142859,2.2,2.7285714285714286
78,8.88,4.97,3.6,15.8,1.04,4.08,-2.7,6.6,1.24,1.99,0.0,4.7,5,11.377142857142855,2.005714285714286,2.7028571428571424
79,11.2,2.88,8.4,15.2,1.6,4.62,-2.9,7.1,2.08,3.92,0.0,9.0,5,11.282857142857141,1.9428571428571426,4.174285714285714
80,11.78,4.3,5.5,15.8,0.76,3.25,-3.4,5.1,1.02,2.28,0.0,5.1,5,10.98,1.8399999999999999,4.962857142857142
81,11.28,4.09,4.3,14.9,1.02,4.06,-5.1,5.1,0.02,0.04,0.0,0.1,5,11.145714285714286,1.9314285714285713,4.928571428571429
82,10.98,3.69,7.1,14.8,1.72,2.83,-2.3,5.7,13.12,27.62,0.0,62.5,5,11.865714285714287,2.3857142857142857,4.897142857142856
83,10.88,2.16,8.1,13.5,3.3,3.22,-2.4,5.5,13.72,13.02,0.0,27.0,5,11.93142857142857,2.525714285714286,4.671428571428571
84,13.02,3.79,8.5,17.0,4.08,3.54,-1.2,8.2,3.3,4.18,0.0,9.9,5,11.785714285714286,2.917142857142857,5.748571428571429
85,13.92,6.42,9.8,24.8,4.22,3.32,0.1,9.1,1.02,1.68,0.0,3.9,5,11.997142857142856,3.0542857142857143,5.894285714285715
86,11.66,3.25,7.8,16.1,2.58,3.1,-0.4,6.8,0.5,0.8,0.0,1.9,5,11.862857142857143,2.9314285714285715,4.0285714285714285
87,10.76,6.75,0.2,17.8,3.5,5.11,-5.1,7.7,8.56,11.6,0.0,25.2,5,12.608571428571427,3.208571428571428,3.46
88,12.76,8.31,3.4,26.1,1.98,4.58,-4.9,7.0,1.04,1.89,0.0,4.4,5,12.854285714285714,3.4857142857142853,3.9828571428571427
89,10.04,3.72,5.0,14.1,0.86,3.31,-2.9,5.6,0.06,0.05,0.0,0.1,5,12.028571428571428,3.1228571428571428,4.3914285714285715
90,16.1,3.37,11.1,20.0,5.24,3.13,0.5,8.1,9.74,10.59,0.0,23.2,5,12.088571428571429,3.1257142857142854,5.145714285714286
91,14.74,3.13,11.3,19.1,6.02,3.11,3.4,11.4,6.96,2.5,3.1,10.0,5,12.668571428571427,3.471428571428571,4.405714285714285
92,8.14,2.97,3.5,10.8,1.68,3.5,-3.2,6.3,3.88,8.34,0.0,18.8,5,12.714285714285714,3.902857142857143,4.46
93,12.08,6.06,7.3,22.6,2.6,3.57,-2.0,6.7,5.78,9.69,0.0,22.9,5,13.631428571428572,4.691428571428571,5.262857142857143
94,14.82,4.64,9.2,21.6,5.92,4.36,2.8,13.1,3.38,4.85,0.0,10.5,5,13.237142857142858,4.677142857142856,5.157142857142857
95,13.08,3.14,9.6,18.1,5.0,3.47,1.6,9.8,1.42,2.21,0.0,5.2,5,13.02,4.328571428571428,4.634285714285714
96,16.46,5.08,11.2,24.1,6.38,3.03,2.8,11.1,5.68,8.35,0.0,20.2,5,13.731428571428571,4.534285714285714,4.202857142857143
97,13.34,3.41,9.6,18.6,5.14,2.25,1.5,6.9,9.0,14.64,0.0,34.2,5,13.814285714285715,4.877142857142857,3.4514285714285715
98,13.22,4.87,6.6,16.9,3.58,2.45,1.5,7.1,3.3,7.16,0.0,16.1,5,13.754285714285714,4.931428571428571,4.105714285714286
99,13.12,5.22,8.1,21.7,3.12,2.95,-1.5,5.3,0.86,1.92,0.0,4.3,5,14.234285714285717,5.431428571428571,5.202857142857143
100,12.66,3.18,8.5,15.3,5.0,2.95,2.3,8.2,0.52,0.65,0.0,1.6,5,14.442857142857141,5.5685714285714285,4.542857142857143
101,14.4,5.43,8.1,22.8,6.3,2.83,2.2,9.0,7.96,9.7,0.0,23.0,5,15.6,6.202857142857143,3.32
102,16.44,8.66,6.1,27.8,8.5,5.04,1.4,14.2,9.1,7.8,0.0,17.9,5,16.4,7.071428571428571,3.877142857142857
103,17.92,6.79,12.1,29.4,7.34,3.21,3.9,12.5,1.06,1.52,0.0,3.5,5,16.83142857142857,7.645714285714285,3.9285714285714284
104,21.44,5.28,15.1,27.6,9.58,4.73,5.7,14.8,0.44,0.98,0.0,2.2,5,17.08857142857143,7.839999999999999,4.0200000000000005
105,18.82,4.35,12.6,24.9,9.66,2.81,6.5,13.4,7.2,6.73,0.0,14.6,5,16.88571428571429,7.651428571428572,3.3028571428571425
106,16.14,4.64,10.1,20.4,7.14,2.97,4.0,11.9,1.22,1.7,0.0,3.5,5,16.95714285714286,7.434285714285714,2.7714285714285714
107,14.46,3.61,10.3,19.8,6.36,2.98,3.8,11.2,1.16,1.38,0.0,3.3,5,17.025714285714283,7.422857142857143,2.7628571428571433
108,12.98,3.08,9.4,16.0,4.98,2.04,1.6,7.1,2.94,3.99,0.0,7.7,5,15.968571428571428,6.8428571428571425,2.8000000000000003
109,16.94,6.67,11.5,28.0,6.98,4.84,4.2,15.6,5.38,11.53,0.0,26.0,5,15.711428571428572,6.3999999999999995,2.062857142857143
110,18.4,4.22,14.1,23.7,7.26,3.01,3.6,11.6,1.0,2.24,0.0,5.0,5,15.817142857142857,6.322857142857143,2.4657142857142857
111,14.04,2.51,11.8,17.3,5.52,2.53,2.4,8.5,0.7,1.4,0.0,3.2,5,16.35142857142857,6.562857142857142,2.345714285714286
112,17.02,6.07,8.3,25.0,6.56,4.49,1.6,11.0,2.04,4.51,0.0,10.1,5,16.694285714285712,6.959999999999999,2.325714285714286
113,16.88,4.03,13.1,22.7,6.6,4.43,2.1,11.1,4.04,9.03,0.0,20.2,5,16.505714285714284,6.982857142857142,1.9114285714285713
114,18.2,3.34,14.5,22.0,8.04,2.72,5.7,12.5,0.32,0.72,0.0,1.6,5,15.774285714285714,6.762857142857142,1.82
115,15.38,3.85,11.0,21.2,7.76,4.42,3.3,14.9,2.8,5.99,0.0,13.5,5,16.34857142857143,7.042857142857143,1.8657142857142859
116,15.62,3.79,12.5,21.8,7.14,5.07,2.0,14.6,2.48,4.04,0.0,9.3,5,16.70285714285714,7.479999999999999,3.1314285714285717
117,13.28,0.55,12.8,14.2,5.72,2.11,3.2,8.4,0.36,0.25,0.0,0.7,5,17.017142857142858,8.01142857142857,3.4314285714285715
118,18.06,5.4,12.4,23.5,7.48,2.47,3.3,9.5,1.02,1.87,0.0,4.3,5,16.97714285714286,7.9971428571428556,3.454285714285714
119,19.5,5.62,12.3,26.1,9.62,3.81,3.3,12.4,10.9,20.64,0.0,47.7,5,17.751428571428573,8.40857142857143,3.177142857142857
120,19.08,3.27,14.6,23.5,10.32,4.85,4.4,17.7,6.14,11.03,0.0,25.6,5,18.077142857142857,8.86,3.12
121,17.92,1.89,15.6,20.7,7.94,2.61,5.2,10.9,0.48,0.45,0.0,1.0,5,18.771428571428572,9.437142857142858,4.008571428571428
122,20.8,6.22,13.3,26.5,10.64,1.9,8.5,13.4,0.86,0.8,0.0,1.7,5,18.568571428571428,9.848571428571429,4.882857142857143
123,17.9,5.21,12.5,26.6,10.3,4.35,6.1,17.0,2.08,2.6,0.0,5.9,5,18.368571428571425,9.911428571428571,4.582857142857143
124,18.14,3.55,13.6,22.0,9.76,3.1,6.4,14.3,6.58,6.4,0.0,13.7,5,18.32857142857143,9.820000000000002,4.454285714285715
125,16.64,3.49,12.0,21.1,10.36,2.47,7.1,13.7,7.14,6.26,0.0,16.2,5,18.59142857142857,10.325714285714286,4.534285714285715
126,18.1,2.83,13.8,20.9,10.06,2.7,6.6,13.4,8.8,11.83,0.0,22.3,5,18.197142857142858,10.185714285714285,5.12
127,18.8,5.51,10.7,24.3,9.68,3.1,6.6,13.5,5.24,11.33,0.0,25.5,5,18.17142857142857,9.968571428571428,5.220000000000001
128,19.76,7.46,11.6,28.9,11.48,3.96,6.7,15.9,1.04,0.81,0.0,1.9,5,18.44857142857143,9.87142857142857,4.282857142857143
129,18.04,1.65,16.0,20.6,9.66,3.72,5.8,14.3,4.96,7.5,0.0,16.9,5,18.78857142857143,9.86,3.4657142857142857
130,17.72,3.02,13.7,20.5,8.78,0.89,8.1,10.2,2.78,4.85,0.0,11.2,5,19.111428571428572,10.128571428571428,2.36
131,20.08,3.81,15.5,23.6,9.08,1.77,6.7,11.6,0.02,0.04,0.0,0.1,5,19.288571428571426,10.417142857142858,2.8885714285714283
132,19.02,5.37,12.3,27.3,10.28,2.96,6.0,13.7,1.42,3.06,0.0,6.9,5,19.52,10.51142857142857,3.0885714285714285
133,20.36,3.5,17.8,26.4,11.94,4.85,6.3,17.5,1.06,1.68,0.0,3.9,5,20.025714285714287,11.077142857142857,2.711428571428571
134,20.04,1.61,17.8,21.7,11.7,2.83,7.5,14.5,8.94,12.36,0.0,29.8,5,20.72,11.577142857142857,2.397142857142857
135,21.38,1.68,18.9,23.4,12.14,2.64,9.0,15.2,2.44,3.3,0.0,7.9,5,20.84,11.928571428571429,2.4885714285714284
136,21.58,3.02,18.7,26.7,13.62,2.31,9.8,15.5,2.32,2.87,0.0,6.1,5,21.254285714285714,12.214285714285714,2.717142857142857
137,22.58,2.49,19.3,26.1,12.28,2.49,10.0,16.4,0.58,1.24,0.0,2.8,5,21.134285714285713,12.125714285714285,3.548571428571428
138,20.92,4.4,13.6,25.2,11.54,3.11,6.6,15.1,0.66,1.31,0.0,3.0,5,21.377142857142854,12.242857142857142,2.422857142857143
139,21.92,3.99,18.4,28.7,12.28,0.89,11.1,13.6,3.02,6.7,0.0,15.0,5,21.737142857142857,12.628571428571428,2.7399999999999998
140,19.52,1.19,17.6,20.6,11.32,1.88,9.0,13.8,6.88,12.35,0.0,28.5,5,21.934285714285714,12.78,2.6914285714285713
141,21.74,5.66,14.3,30.1,12.52,2.15,10.0,15.7,1.06,2.21,0.0,5.0,5,21.677142857142858,12.777142857142858,2.648571428571429
142,23.9,7.12,12.7,31.0,14.84,4.43,8.8,20.6,4.66,10.09,0.0,22.7,5,21.53142857142857,12.782857142857141,2.5571428571428574
143,22.96,6.0,16.9,31.7,14.68,4.81,8.6,19.7,1.98,2.98,0.0,6.7,5,21.59714285714286,12.857142857142858,2.202857142857143
144,20.78,4.61,17.2,28.7,12.26,3.32,8.8,16.5,0.28,0.52,0.0,1.2,5,22.191428571428567,13.357142857142858,2.891428571428571
145,19.9,2.51,18.0,24.3,11.58,1.9,9.8,14.1,0.02,0.04,0.0,0.1,5,22.180000000000003,13.55142857142857,3.962857142857143
146,22.38,2.76,18.8,26.4,12.8,3.39,9.5,17.5,0.54,1.05,0.0,2.4,5,21.68857142857143,13.225714285714286,4.368571428571428
147,23.68,2.76,21.5,28.3,14.82,3.38,10.0,18.7,11.7,16.49,0.0,38.3,5,21.288571428571426,12.957142857142857,4.6657142857142855
148,21.66,3.62,18.2,26.8,13.88,3.67,10.1,17.8,8.56,9.35,0.0,21.3,5,21.70285714285714,13.088571428571427,5.931428571428571
149,20.46,5.12,11.5,23.8,12.56,2.21,8.7,14.0,7.5,11.51,0.0,27.3,5,22.125714285714285,13.177142857142856,6.134285714285715
150,20.16,5.57,11.8,27.2,12.8,2.95,8.5,15.6,4.06,5.78,0.0,14.0,5,22.365714285714287,13.331428571428571,6.2542857142857144
151,23.68,5.63,19.6,33.3,13.18,4.51,9.7,20.9,9.14,19.99,0.0,44.9,5,22.311428571428568,13.337142857142856,5.028571428571429
152,22.86,3.55,18.7,27.5,12.2,2.25,9.7,15.6,1.44,3.22,0.0,7.2,5,22.580000000000002,13.45142857142857,4.031428571428571
153,24.06,3.18,20.1,27.7,13.88,2.18,10.6,15.9,1.38,3.09,0.0,6.9,5,23.46,13.854285714285712,3.0742857142857143
154,23.3,3.0,20.1,27.9,14.86,2.51,12.2,17.6,3.12,4.12,0.0,10.0,5,24.482857142857146,14.574285714285713,3.302857142857143
155,23.54,1.81,20.8,25.7,14.68,2.93,10.1,17.9,1.58,3.37,0.0,7.6,5,24.802857142857142,15.145714285714288,2.2600000000000002
156,26.62,4.13,22.7,31.1,15.38,3.63,11.0,20.3,0.8,1.79,0.0,4.0,5,25.16857142857143,15.782857142857143,2.245714285714286
157,27.32,2.27,25.1,30.6,17.84,3.62,13.6,21.5,5.66,12.38,0.0,27.8,5,25.342857142857145,16.142857142857142,2.4171428571428573
158,25.92,2.81,23.2,30.2,17.18,3.26,13.2,21.2,1.84,3.03,0.0,7.1,5,25.6,16.2,2.488571428571429
159,25.42,3.14,21.9,28.7,16.66,3.82,11.3,21.2,1.34,2.01,0.0,4.7,5,25.711428571428574,16.388571428571428,2.38
160,25.28,3.89,20.9,30.1,16.4,4.07,11.3,21.8,2.58,2.87,0.2,6.1,5,25.44857142857143,16.642857142857142,2.617142857142857
161,25.1,1.12,23.9,26.3,15.26,1.95,12.4,17.1,3.62,7.76,0.0,17.5,5,25.240000000000002,16.462857142857143,2.0
162,24.32,3.17,20.4,28.5,16.0,1.38,14.0,17.5,0.82,0.79,0.0,1.8,5,24.91142857142857,16.48857142857143,2.7885714285714287
163,24.78,5.37,20.8,34.1,17.16,2.48,14.0,20.3,2.46,3.03,0.1,6.3,5,24.814285714285713,16.468571428571426,2.7685714285714282
164,25.86,1.72,22.9,27.3,16.58,2.37,14.4,20.2,1.34,3.0,0.0,6.7,5,24.41142857142857,16.36,3.325714285714286
165,23.62,3.22,20.0,27.6,17.36,1.9,15.1,19.4,7.36,5.36,0.0,14.6,5,24.47714285714286,16.50857142857143,2.908571428571429
166,24.74,3.32,18.9,27.2,16.52,1.31,14.9,17.6,1.2,1.88,0.0,4.4,5,24.642857142857142,16.602857142857143,3.3400000000000003
167,22.46,1.93,19.3,24.4,15.64,1.29,14.6,17.8,6.48,8.02,0.0,18.3,5,24.97714285714286,16.717142857142857,3.2
168,25.56,4.61,20.2,32.9,16.3,2.48,12.9,19.5,0.7,1.51,0.0,3.4,5,25.16,16.80857142857143,3.02
169,25.48,1.93,22.1,26.9,16.66,2.56,13.6,20.3,3.84,8.59,0.0,19.2,5,25.74285714285714,17.034285714285716,2.022857142857143
170,27.12,3.52,23.0,31.2,17.96,3.35,12.9,21.2,1.48,1.95,0.0,3.9,5,25.982857142857142,17.357142857142858,2.36
171,27.14,3.11,22.1,30.6,17.22,2.49,13.4,19.8,0.08,0.18,0.0,0.4,5,26.694285714285716,17.837142857142858,1.6199999999999999
172,27.7,4.27,22.0,32.8,18.94,3.73,14.7,22.3,0.38,0.53,0.0,1.3,5,27.017142857142858,18.351428571428567,2.02
173,26.42,6.26,20.0,34.1,18.78,3.9,15.5,24.3,3.56,3.76,0.2,9.3,5,27.737142857142857,18.897142857142857,1.5
174,27.44,6.63,22.2,35.6,19.0,5.5,12.8,26.7,1.3,2.58,0.0,5.9,5,27.91714285714286,19.240000000000002,1.6542857142857144
175,27.82,7.16,22.1,40.1,19.9,6.08,13.9,29.1,3.5,7.83,0.0,17.5,5,27.785714285714285,19.68,2.674285714285714
176,30.52,5.75,23.3,38.6,20.48,4.76,16.5,28.7,0.2,0.31,0.0,0.7,5,27.771428571428572,19.68857142857143,2.777142857142857
177,28.38,3.65,24.3,32.5,20.36,1.94,18.8,23.6,2.56,4.68,0.0,10.9,5,28.19142857142857,19.84857142857143,2.294285714285714
178,26.22,2.96,22.0,29.9,20.3,1.69,17.9,21.8,7.22,5.52,0.1,15.3,5,28.74,20.145714285714288,2.5942857142857143
179,27.6,2.41,24.1,30.9,19.0,2.7,15.4,23.0,1.1,1.78,0.0,4.1,5,28.882857142857144,20.165714285714284,2.942857142857143
180,29.36,3.04,25.9,32.9,19.9,3.61,16.1,24.1,0.18,0.4,0.0,0.9,5,28.44,20.18857142857143,5.102857142857142
181,31.28,2.24,27.7,33.8,21.08,3.44,16.9,25.2,3.4,7.49,0.0,16.8,5,28.274285714285714,20.08285714285714,5.742857142857143
182,28.82,2.64,25.3,31.6,20.04,3.03,16.3,23.7,5.94,8.89,0.0,20.1,5,28.448571428571427,19.86285714285714,5.142857142857143
183,27.42,1.97,24.2,29.6,20.64,2.82,16.3,23.7,15.32,12.81,0.0,30.8,5,28.625714285714285,20.08857142857143,5.022857142857142
184,27.22,4.51,19.8,31.2,19.62,3.02,16.0,22.4,7.04,10.28,0.0,23.2,5,28.842857142857145,20.368571428571425,5.017142857142857
185,27.44,1.71,24.5,29.0,18.76,2.07,15.9,21.6,3.02,4.06,0.0,9.9,5,28.53142857142857,20.528571428571432,4.640000000000001
186,28.84,2.02,25.4,30.5,20.58,0.61,19.9,21.3,0.26,0.32,0.0,0.7,5,28.694285714285712,20.74857142857143,4.785714285714286
187,30.88,1.42,28.9,32.5,21.86,0.38,21.3,22.3,0.14,0.26,0.0,0.6,5,28.865714285714287,20.917142857142856,4.194285714285714
188,29.1,2.12,26.5,31.8,22.2,1.16,20.7,23.8,0.76,0.79,0.0,1.8,5,28.888571428571428,21.174285714285713,3.845714285714286
189,29.96,3.35,27.3,35.3,21.58,1.98,18.4,23.8,6.96,9.52,0.3,23.4,5,28.96857142857143,21.374285714285715,3.6028571428571428
190,28.62,1.81,25.7,30.4,21.82,0.81,21.0,23.0,11.18,16.69,0.0,38.8,5,29.071428571428573,21.51142857142857,3.9285714285714284
191,27.38,1.55,26.0,29.6,21.42,2.06,18.5,24.2,4.6,7.51,0.0,17.8,5,28.74857142857143,21.497142857142858,4.465714285714285
192,28.0,2.78,24.6,31.6,20.16,2.86,17.2,24.1,1.32,1.69,0.0,3.5,5,28.805714285714288,21.5,5.9628571428571435
193,29.56,2.42,27.7,32.4,21.54,1.33,19.9,22.7,2.54,3.22,0.0,6.4,5,28.599999999999998,21.528571428571432,5.337142857142857
194,28.62,2.22,25.6,31.7,21.76,0.52,21.1,22.5,3.9,7.64,0.0,17.5,5,28.677142857142858,21.60857142857143,5.305714285714286
195,29.5,1.39,27.7,31.3,22.22,0.51,21.7,23.0,11.24,14.87,0.3,30.8,5,29.062857142857144,21.74857142857143,5.7057142857142855
196,28.52,1.46,27.1,30.9,21.78,1.07,20.6,23.1,2.58,2.69,0.0,6.7,5,29.228571428571428,22.051428571428573,6.2942857142857145
197,29.16,3.04,25.6,33.4,22.38,1.83,19.3,23.7,10.96,12.93,0.0,31.0,5,29.102857142857143,21.89428571428572,5.997142857142857
198,30.08,2.23,27.3,33.5,22.4,1.83,20.3,23.9,7.4,12.47,0.0,29.5,5,29.34857142857143,21.759999999999998,5.765714285714286
199,29.16,1.33,28.2,31.1,22.28,0.71,21.4,23.0,5.44,7.73,0.0,18.6,5,29.437142857142856,21.73428571428571,4.5285714285714285
200,28.68,2.25,26.8,32.3,20.44,1.75,18.2,22.1,0.46,0.82,0.0,1.9,5,29.40857142857143,21.488571428571426,4.265714285714286
201,30.34,2.29,27.9,33.2,20.82,1.81,18.4,23.1,2.28,4.39,0.0,10.1,5,29.365714285714287,21.16,2.822857142857143
202,30.12,2.53,27.2,33.4,22.04,1.66,20.1,24.7,2.58,2.43,0.0,5.9,5,29.222857142857144,20.939999999999998,1.9485714285714286
203,28.32,2.9,25.9,33.3,20.06,1.85,18.1,22.3,0.74,1.49,0.0,3.4,5,29.494285714285716,20.90285714285714,2.608571428571428
204,28.86,3.2,26.1,34.3,20.08,2.55,17.5,23.7,0.86,1.61,0.0,3.7,5,29.568571428571428,20.891428571428573,2.5485714285714285
205,29.08,3.33,26.4,34.8,20.86,2.73,18.4,25.0,1.28,2.13,0.0,4.9,5,29.554285714285715,20.825714285714287,2.462857142857143
206,31.06,4.04,27.2,37.3,22.02,2.56,19.5,25.1,10.06,8.29,2.7,21.6,5,29.74,20.714285714285715,2.282857142857143
207,29.2,0.88,28.4,30.5,20.36,2.6,17.5,23.6,0.04,0.09,0.0,0.2,5,30.114285714285717,21.09714285714286,3.02
208,30.24,2.0,29.0,33.8,20.36,2.17,18.0,22.8,1.68,3.76,0.0,8.4,5,30.34,21.354285714285712,3.071428571428572
209,31.42,3.1,27.0,35.5,21.26,1.96,18.4,23.8,1.32,2.58,0.0,5.9,5,30.259999999999998,21.042857142857144,3.6571428571428575
210,30.94,4.57,25.3,37.1,22.74,1.61,20.4,24.8,5.9,10.45,0.1,24.5,5,29.594285714285714,20.58857142857143,2.5742857142857143
211,30.44,3.59,26.2,35.2,21.88,3.65,17.5,27.3,1.22,2.3,0.0,5.3,5,29.445714285714285,20.388571428571428,2.882857142857143
212,28.52,2.55,24.6,31.4,18.68,3.58,14.8,23.4,5.38,8.35,0.0,19.2,5,29.122857142857146,20.197142857142858,2.865714285714286
213,26.4,3.8,22.7,32.6,18.84,1.91,17.0,21.0,2.48,4.84,0.0,11.1,5,28.68285714285714,20.062857142857144,3.245714285714286
214,28.16,2.58,25.6,30.9,18.96,3.5,14.7,23.2,2.2,4.81,0.0,10.8,5,28.48428571428571,19.704285714285714,2.4385714285714286
215,27.98,3.33,24.5,31.6,19.02,3.25,16.2,23.3,1.56,2.96,0.0,6.8,5,28.389999999999997,19.504285714285714,4.304285714285714
216,28.34,3.28,24.4,31.8,20.32,2.0,18.4,22.9,3.98,7.48,0.0,17.3,5,28.29,19.857142857142858,5.738571428571428
217,29.55,2.24,26.6,31.8,20.23,2.67,17.8,23.9,0.25,0.33,0.0,0.7,5,28.292857142857144,20.165714285714284,7.215714285714285
218,29.78,1.65,28.3,31.4,20.48,2.9,17.8,23.5,14.28,28.28,0.0,56.7,5,28.490000000000002,20.594285714285714,7.6899999999999995
219,27.82,3.94,23.4,32.8,21.15,2.35,18.4,23.9,15.42,16.58,0.0,37.3,5,28.578571428571426,20.971428571428568,8.327142857142857
220,26.42,3.97,22.6,32.7,21.0,2.96,18.0,25.6,12.82,9.84,3.0,27.8,5,28.681428571428572,21.162857142857142,7.895714285714286
221,29.54,3.87,26.3,36.2,21.96,2.7,19.5,26.4,5.52,8.81,0.0,21.0,5,28.634285714285713,21.169999999999998,8.234285714285715
222,28.6,2.89,24.8,31.5,21.66,1.75,19.2,23.5,6.02,9.21,0.0,21.8,5,28.5,21.22142857142857,6.4399999999999995
223,29.06,1.66,26.8,31.3,21.66,2.65,18.3,24.0,0.96,1.06,0.1,2.4,5,28.662857142857145,21.062857142857144,4.422857142857143
224,29.22,2.74,26.6,33.3,20.28,3.2,16.8,23.1,2.62,3.92,0.0,9.1,5,28.92285714285714,20.89428571428571,2.934285714285714
225,28.84,2.93,25.6,33.1,20.84,3.65,16.3,25.2,1.72,3.03,0.0,7.0,5,28.462857142857143,20.52,2.717142857142857
226,28.96,1.61,26.6,31.1,20.04,3.16,17.6,24.6,1.3,2.47,0.0,5.7,5,28.060000000000002,20.285714285714285,2.162857142857143
227,28.24,1.38,26.9,30.4,19.82,1.94,17.6,21.9,2.4,5.37,0.0,12.0,5,27.854285714285716,20.057142857142857,2.434285714285714
228,26.32,3.03,21.7,29.8,19.34,1.03,18.2,20.7,4.0,6.04,0.0,13.9,5,27.65142857142857,19.965714285714284,3.0799999999999996
229,25.78,1.14,24.4,27.3,20.02,2.13,17.1,22.2,2.14,1.8,0.4,5.0,5,27.365714285714287,19.665714285714284,2.888571428571429
230,27.62,2.02,25.2,30.6,20.06,1.69,17.9,21.8,2.86,5.05,0.0,11.8,5,27.12857142857143,19.454285714285714,2.7342857142857144
231,27.8,3.2,23.3,30.9,19.64,3.1,15.5,24.0,7.14,10.3,0.0,24.7,5,26.762857142857143,19.365714285714287,4.262857142857143
232,26.84,3.15,22.6,30.9,18.74,3.13,15.7,22.5,0.38,0.33,0.0,0.9,5,26.89142857142857,19.248571428571427,4.76
233,27.3,2.95,22.8,31.0,18.56,3.46,12.8,22.0,0.22,0.23,0.0,0.5,5,27.36285714285714,19.214285714285715,4.5200000000000005
234,25.68,2.4,23.7,29.6,19.2,4.02,12.8,22.4,13.1,21.48,0.0,49.6,5,27.742857142857144,19.25142857142857,4.422857142857143
235,27.22,1.36,24.9,28.3,18.52,3.71,13.1,21.9,7.48,14.0,0.0,32.2,5,27.874285714285715,19.391428571428573,3.5942857142857143
236,29.08,3.08,23.8,31.2,19.78,3.07,14.6,22.1,0.46,0.97,0.0,2.2,5,28.414285714285715,19.594285714285714,3.6285714285714286
237,30.28,2.53,26.8,33.8,20.32,2.07,17.2,22.8,2.18,4.38,0.0,10.0,5,28.59142857142857,19.9,3.782857142857143
238,28.72,1.35,26.9,30.7,20.62,1.76,18.7,22.9,1.34,1.77,0.0,4.4,5,28.680000000000003,20.062857142857144,2.6314285714285717
239,30.62,2.61,28.2,34.3,20.16,2.49,17.7,24.1,0.62,0.7,0.1,1.8,5,28.7,20.351428571428567,1.782857142857143
240,28.54,4.18,24.2,34.5,20.7,1.23,19.1,21.8,1.3,2.08,0.0,5.0,5,28.322857142857142,20.22,1.7514285714285713
241,26.3,1.48,24.4,28.2,20.34,1.75,18.3,22.5,5.04,8.4,0.3,19.8,5,27.762857142857143,20.062857142857144,3.7942857142857145
242,27.36,2.67,23.4,29.9,20.54,1.84,18.5,22.3,1.54,1.3,0.1,3.6,5,27.254285714285714,19.46,4.548571428571429
243,26.44,2.67,23.2,29.3,18.86,2.54,15.9,21.7,0.24,0.48,0.0,1.1,5,26.66,19.054285714285715,5.04
244,26.36,3.17,23.7,30.8,19.22,3.19,13.6,21.3,16.48,35.9,0.0,80.7,5,26.625714285714285,18.62,5.048571428571429
245,25.16,0.86,24.5,26.6,16.4,2.95,12.5,20.4,6.62,10.02,0.0,22.6,5,26.762857142857143,18.33428571428571,4.482857142857143
246,26.46,4.15,22.2,32.4,17.32,4.02,12.5,23.0,4.06,8.91,0.0,20.0,5,26.725714285714286,18.142857142857142,5.3028571428571425
247,28.3,3.97,24.4,34.0,17.66,3.7,12.4,21.0,1.36,2.34,0.0,5.4,5,26.720000000000002,18.017142857142858,5.871428571428571
248,27.26,4.42,23.6,34.5,18.34,3.61,13.2,22.1,1.08,1.7,0.0,3.9,5,26.634285714285713,17.791428571428572,3.585714285714286
249,27.1,4.48,22.2,34.4,19.2,2.99,15.0,23.1,7.28,15.94,0.0,35.8,5,26.714285714285715,17.934285714285714,3.531428571428571
250,26.4,4.73,22.8,34.6,17.98,2.68,15.0,22.0,4.22,5.43,0.0,12.3,5,26.580000000000002,17.97714285714286,3.9114285714285715
251,25.76,3.24,21.8,30.6,17.64,3.72,11.6,20.7,0.48,0.8,0.0,1.9,5,26.10857142857143,17.857142857142858,4.511428571428572
252,25.72,1.79,23.3,28.2,17.4,3.91,11.1,20.6,6.24,10.3,0.0,24.0,5,25.942857142857143,17.802857142857142,4.631428571428572
253,25.52,1.6,23.2,26.8,17.62,3.18,14.1,22.0,6.72,9.22,0.0,17.5,5,25.774285714285714,17.771428571428572,4.6085714285714285
254,25.0,0.97,23.8,26.5,16.82,3.06,12.9,19.8,5.56,7.28,0.0,15.2,5,25.731428571428573,17.6,4.017142857142857
255,26.1,3.22,21.0,29.1,17.96,2.49,15.0,21.0,1.92,4.24,0.0,9.5,5,25.397142857142857,17.32857142857143,3.948571428571428
256,25.92,2.09,23.4,29.2,18.98,3.06,14.6,21.9,7.12,9.31,0.0,20.2,5,25.13714285714286,16.945714285714285,3.1457142857142855
257,26.1,1.5,24.8,28.3,16.78,1.61,15.2,19.5,0.08,0.11,0.0,0.2,5,24.888571428571428,16.771428571428572,2.2714285714285714
258,23.42,3.83,18.8,28.1,15.74,3.63,11.5,21.2,0.0,0.0,0.0,0.0,5,24.814285714285713,16.851428571428574,2.1085714285714285
259,23.9,1.29,21.7,25.1,14.72,3.0,12.6,19.8,0.62,1.39,0.0,3.1,5,24.634285714285713,16.465714285714284,1.8885714285714286
260,23.78,1.78,22.0,26.3,16.4,3.14,11.6,20.2,0.6,1.03,0.0,2.4,5,24.26571428571429,15.831428571428573,0.88
261,24.48,3.34,21.3,28.6,17.38,1.69,14.9,19.1,4.42,9.39,0.0,21.2,5,23.842857142857138,15.448571428571427,0.8714285714285713
262,24.84,5.23,17.4,30.4,15.26,3.84,9.6,19.5,0.38,0.85,0.0,1.9,5,23.919999999999998,15.262857142857142,1.1228571428571428
263,23.34,4.16,16.9,27.7,14.54,3.78,9.8,18.4,0.06,0.13,0.0,0.3,5,23.580000000000002,15.134285714285713,2.1685714285714286
264,23.14,2.95,18.6,26.4,14.1,3.66,9.1,18.0,0.02,0.04,0.0,0.1,5,23.282857142857143,14.777142857142858,3.52
265,23.96,1.5,22.1,25.8,14.44,4.05,9.4,20.7,1.76,2.63,0.0,5.9,5,22.888571428571428,14.362857142857141,3.4457142857142853
266,21.52,4.96,16.5,27.0,13.82,2.55,10.5,17.6,7.94,12.4,0.0,28.4,5,22.40285714285714,14.397142857142857,3.802857142857143
267,21.7,1.68,20.5,24.4,13.9,2.78,9.6,16.4,10.06,14.07,0.0,29.2,5,22.291428571428572,14.491428571428571,3.822857142857143
268,21.72,2.56,17.8,24.1,14.48,1.47,12.8,16.8,3.9,5.6,0.0,12.9,5,22.054285714285715,14.625714285714285,4.577142857142857
269,21.44,2.65,16.9,23.7,15.5,1.71,13.7,17.9,2.88,3.29,0.0,7.4,5,21.482857142857142,14.637142857142859,6.397142857142858
270,22.56,3.18,18.0,26.1,15.2,3.56,10.0,18.6,0.2,0.35,0.0,0.8,5,21.285714285714285,14.597142857142856,6.105714285714286
271,21.48,1.85,19.4,23.6,15.04,3.67,11.0,19.6,5.3,6.62,0.0,13.5,5,21.222857142857144,14.457142857142857,5.345714285714286
272,19.96,2.07,17.7,23.3,14.52,3.1,11.7,19.0,14.5,26.97,0.0,62.2,5,21.04571428571429,14.217142857142857,5.445714285714287
273,20.14,2.01,17.4,22.2,13.54,1.8,11.1,15.9,5.9,12.75,0.0,28.7,5,20.90857142857143,13.771428571428572,5.611428571428571
274,21.26,2.65,17.8,24.7,12.92,2.22,9.9,15.0,4.74,10.6,0.0,23.7,5,20.602857142857143,13.391428571428571,9.094285714285714
275,20.48,3.85,15.5,24.6,12.8,2.02,10.1,15.5,4.6,7.97,0.0,18.4,5,20.48857142857143,13.128571428571428,9.139999999999999
276,20.48,5.52,12.0,25.9,12.38,2.67,8.9,14.9,4.04,9.03,0.0,20.2,5,20.631428571428575,12.997142857142856,7.159999999999999
277,20.42,4.82,13.2,26.1,12.54,3.7,8.3,17.4,24.58,46.14,0.0,106.2,5,21.03142857142857,13.065714285714288,7.8514285714285705
278,20.68,2.99,16.2,24.1,13.2,1.62,11.3,15.5,5.62,12.34,0.0,27.7,5,20.69142857142857,12.722857142857142,7.188571428571428
279,20.96,0.85,20.0,22.0,13.6,3.07,10.4,17.4,0.64,1.17,0.0,2.7,5,20.374285714285715,12.271428571428572,6.5600000000000005
280,22.94,1.93,20.1,24.9,14.02,1.77,11.9,15.8,10.74,20.44,0.0,47.1,5,20.26571428571429,12.088571428571427,6.122857142857142
281,18.88,3.43,15.0,23.6,10.52,2.45,7.4,14.1,0.1,0.17,0.0,0.4,5,20.271428571428572,11.894285714285715,2.6342857142857143
282,18.26,2.48,15.3,20.8,9.64,3.47,6.7,15.5,0.2,0.34,0.0,0.8,5,20.12,11.614285714285714,2.577142857142857
283,19.72,2.35,17.7,23.6,11.1,4.06,7.6,16.5,0.98,2.19,0.0,4.9,5,19.885714285714283,11.454285714285716,2.7885714285714287
284,20.46,1.27,18.9,22.1,11.18,4.42,6.7,16.6,0.16,0.36,0.0,0.8,5,19.37142857142857,10.985714285714284,1.782857142857143
285,19.62,3.29,14.8,23.4,11.24,3.2,7.1,15.5,5.22,11.67,0.0,26.1,5,19.374285714285715,10.90857142857143,1.802857142857143
286,19.32,2.97,15.1,22.2,12.48,2.58,9.1,14.8,2.12,3.09,0.0,6.9,5,19.365714285714287,10.882857142857144,2.7457142857142856
287,19.34,4.58,12.3,25.1,10.74,2.9,8.6,15.7,3.7,6.0,0.0,13.8,5,18.914285714285715,10.508571428571429,2.96
288,18.9,3.75,14.7,24.2,9.98,3.76,5.3,15.1,0.24,0.54,0.0,1.2,5,18.36285714285714,9.977142857142857,2.9657142857142853
289,18.2,2.96,15.6,23.3,9.46,3.74,5.2,14.9,6.8,9.71,0.0,22.1,5,18.034285714285712,9.48,2.22
290,16.56,1.43,15.2,18.5,8.48,3.11,4.0,11.6,2.48,3.13,0.0,6.6,5,18.122857142857143,9.248571428571427,2.66
291,16.6,2.12,13.5,19.4,7.46,1.39,6.3,9.7,0.2,0.31,0.0,0.7,5,18.228571428571428,9.274285714285714,2.32
292,17.32,3.06,12.3,20.3,7.76,2.04,5.3,10.6,0.0,0.0,0.0,0.0,5,18.337142857142858,9.545714285714284,2.2857142857142856
293,19.94,4.14,14.5,24.4,10.86,4.03,6.4,14.0,5.2,11.63,0.0,26.0,5,18.268571428571427,9.794285714285715,2.0228571428571427
294,20.08,4.14,15.9,26.3,10.92,3.53,5.8,14.4,1.32,2.48,0.0,5.7,5,18.517142857142858,9.94,1.8514285714285716
295,19.66,4.44,13.9,25.9,11.88,3.94,6.9,16.7,0.0,0.0,0.0,0.0,5,18.794285714285714,10.365714285714287,2.254285714285714
296,17.72,3.08,15.0,22.1,11.2,3.32,7.1,16.2,4.96,10.81,0.0,24.3,5,19.108571428571427,11.031428571428572,4.534285714285715
297,18.3,2.51,15.5,21.1,9.5,3.16,4.6,12.3,1.28,1.88,0.0,4.6,5,18.74857142857143,10.991428571428571,4.048571428571429
298,18.54,4.44,11.2,22.2,10.44,4.29,6.4,15.2,3.02,5.14,0.0,12.1,5,18.357142857142858,10.737142857142857,3.9257142857142857
299,19.52,2.84,16.8,23.7,12.42,2.54,10.1,16.1,15.96,34.63,0.0,77.9,5,17.711428571428574,10.205714285714285,5.54
300,17.42,3.53,14.8,23.5,10.58,3.16,5.1,12.9,1.8,3.59,0.0,8.2,5,17.614285714285717,9.81142857142857,5.645714285714286
301,17.34,5.4,12.9,26.7,9.14,5.18,2.7,16.4,0.46,1.03,0.0,2.3,5,17.291428571428572,9.722857142857142,5.825714285714286
302,15.14,1.6,13.4,17.2,8.16,2.37,5.5,11.5,11.3,14.33,0.0,34.9,5,17.048571428571428,9.56857142857143,6.268571428571429
303,17.04,5.71,8.2,23.6,8.44,5.02,2.3,13.9,5.7,8.3,0.0,19.1,5,16.091428571428573,8.662857142857144,4.022857142857143
304,16.04,7.36,8.3,27.0,8.88,5.28,0.4,12.9,2.54,3.48,0.0,6.6,5,15.51142857142857,7.771428571428571,3.768571428571429
305,16.84,6.7,9.2,26.8,9.36,5.09,3.4,15.2,6.12,7.95,0.0,18.9,5,15.137142857142857,7.188571428571429,3.7028571428571433
306,12.82,5.18,6.9,19.9,6.08,4.39,0.1,11.1,0.24,0.48,0.0,1.1,5,15.517142857142858,7.222857142857143,2.0914285714285716
307,13.36,2.38,11.2,17.4,4.34,2.3,1.3,7.7,0.02,0.04,0.0,0.1,5,15.711428571428572,7.488571428571428,1.282857142857143
308,14.72,3.24,10.0,18.9,5.06,1.99,3.7,8.5,0.0,0.0,0.0,0.0,5,16.277142857142856,7.691428571428572,1.1
309,17.8,4.67,10.7,22.3,8.4,4.77,3.5,15.6,0.02,0.04,0.0,0.1,5,16.23142857142857,7.345714285714286,0.22571428571428573
310,18.4,6.94,10.8,26.5,10.3,6.96,2.7,17.9,0.04,0.05,0.0,0.1,5,16.64857142857143,7.2285714285714295,0.22
311,20.0,4.91,11.8,24.1,10.3,4.49,3.1,14.8,1.26,2.4,0.0,5.5,5,16.985714285714288,7.637142857142857,0.2742857142857143
312,16.52,4.48,10.9,21.4,6.94,1.4,4.6,7.9,0.0,0.0,0.0,0.0,5,17.437142857142856,8.262857142857143,1.3285714285714287
313,15.74,4.25,10.4,20.8,5.26,1.94,3.2,8.1,0.2,0.45,0.0,1.0,5,17.088571428571427,8.14,2.2257142857142855
314,15.72,3.35,10.7,19.6,7.2,3.09,3.3,11.7,0.4,0.43,0.0,0.9,5,16.12857142857143,7.171428571428572,2.634285714285714
315,17.88,4.1,12.0,21.9,9.44,5.26,3.9,15.7,7.38,8.38,0.0,17.3,5,14.602857142857143,6.142857142857143,2.4714285714285715
316,15.36,5.97,6.6,20.7,7.54,5.28,-0.2,14.2,6.3,7.26,0.0,14.8,5,13.931428571428572,5.451428571428572,2.8742857142857146
317,11.68,3.41,8.3,16.3,3.52,3.73,-2.1,6.8,2.9,2.84,0.0,6.2,5,13.542857142857143,5.322857142857143,3.242857142857143
318,9.32,1.76,7.7,11.3,3.1,0.93,1.9,4.3,0.12,0.27,0.0,0.6,5,13.174285714285714,4.814285714285715,3.2199999999999998
319,11.82,4.02,8.2,17.6,2.1,1.69,-0.6,3.7,2.82,3.28,0.0,6.6,5,12.319999999999999,4.082857142857143,2.2314285714285718
320,13.02,3.31,9.5,16.8,4.36,1.67,2.3,6.3,2.78,6.16,0.0,13.8,5,11.51142857142857,3.2400000000000007,1.417142857142857
321,13.14,4.76,8.1,18.0,3.64,2.21,1.1,6.7,0.24,0.54,0.0,1.2,5,11.168571428571429,3.1000000000000005,1.0085714285714285
322,11.9,7.24,2.2,19.0,4.32,4.8,-1.2,10.3,0.46,0.45,0.0,0.9,5,11.379999999999999,3.045714285714286,2.62
323,9.7,3.89,4.3,14.1,1.64,3.87,-2.8,6.8,0.6,1.34,0.0,3.0,5,11.22857142857143,3.2885714285714287,3.2314285714285718
324,9.28,5.08,3.3,14.8,2.54,4.4,-1.5,8.2,0.04,0.09,0.0,0.2,5,10.831428571428571,3.1,3.302857142857143
325,10.8,4.27,4.4,15.7,2.72,4.16,-2.8,7.1,11.4,21.1,0.0,48.7,5,10.288571428571428,2.814285714285714,3.268571428571429
326,10.76,3.59,5.4,14.2,3.8,2.71,1.0,8.0,7.1,9.69,0.0,22.3,5,9.977142857142857,2.54,3.2800000000000002
327,10.24,3.27,5.6,14.3,3.04,2.26,-0.1,5.3,3.28,6.79,0.0,15.4,5,10.374285714285715,2.914285714285714,4.08
328,9.34,1.74,6.8,11.0,1.64,2.74,-1.3,5.9,0.0,0.0,0.0,0.0,5,10.691428571428572,3.117142857142857,4.685714285714285
329,9.72,3.32,3.9,11.8,2.4,3.82,-3.9,6.0,0.54,0.95,0.0,2.2,5,10.491428571428571,3.1314285714285717,3.6485714285714286
330,12.48,3.37,8.0,16.7,4.26,5.03,-2.9,10.3,6.2,5.22,0.0,13.8,5,9.885714285714286,2.5828571428571427,2.64
331,11.5,4.24,4.8,15.4,3.96,2.55,0.7,7.1,4.28,5.93,0.0,12.0,5,9.76857142857143,2.1999999999999997,3.434285714285714
332,9.4,4.43,3.9,13.2,2.82,3.27,-1.8,5.2,4.14,7.43,0.0,17.2,5,9.594285714285714,2.0828571428571427,3.662857142857143
333,6.52,2.97,2.4,10.6,-0.04,2.57,-4.3,2.3,0.04,0.09,0.0,0.2,5,9.485714285714286,2.0285714285714285,3.6542857142857144
334,9.42,5.47,3.2,16.4,0.36,3.25,-2.0,5.5,8.84,13.56,0.0,30.9,5,9.071428571428571,1.7885714285714285,3.6371428571428575
335,8.12,4.41,2.6,14.7,0.82,2.58,-3.3,3.8,1.6,2.75,0.0,6.4,5,8.611428571428572,1.4885714285714282,3.1457142857142864
336,8.96,5.34,3.5,15.2,2.02,4.45,-2.6,7.1,0.48,1.07,0.0,2.4,5,8.22,1.182857142857143,3.434285714285714
337,9.58,3.04,4.9,13.4,2.58,3.45,-1.9,6.7,6.08,8.67,0.0,18.8,5,8.365714285714285,1.3885714285714283,3.9542857142857146
338,8.28,2.72,4.6,11.0,1.86,3.32,-2.4,5.7,0.84,1.88,0.0,4.2,5,8.028571428571428,1.5057142857142856,3.1371428571428575
339,6.66,1.33,4.6,8.2,0.68,2.18,-2.2,3.8,6.16,11.1,0.0,25.6,5,8.017142857142856,1.5285714285714285,2.9371428571428573
340,7.54,6.57,0.1,15.7,1.4,4.55,-1.9,9.2,3.68,5.29,0.0,11.5,5,7.828571428571428,1.3457142857142856,3.137142857142858
341,7.06,4.51,3.6,14.1,1.18,5.91,-3.2,11.3,3.12,6.92,0.0,15.5,5,7.88,1.3942857142857144,3.1685714285714286
342,8.04,3.58,3.6,11.6,0.98,3.21,-1.9,6.0,0.2,0.45,0.0,1.0,5,8.505714285714285,1.6085714285714285,5.445714285714287
343,7.64,4.08,3.8,12.8,0.74,2.24,-1.4,3.7,1.88,4.04,0.0,9.1,5,8.734285714285715,1.5628571428571427,4.685714285714286
344,9.94,4.19,4.5,16.0,2.92,3.33,-1.0,6.7,6.3,12.68,0.0,28.9,5,8.72,1.4028571428571426,4.16
345,12.66,4.89,4.9,17.6,3.36,2.36,1.1,6.3,16.78,13.65,0.0,33.4,5,8.411428571428571,1.1057142857142856,3.9314285714285715
346,8.26,4.44,3.9,13.3,0.36,2.96,-2.0,3.8,0.84,0.78,0.0,1.8,5,8.26,0.8342857142857143,4.517142857142857
347,7.44,5.58,0.2,15.0,0.28,4.35,-4.4,6.0,0.0,0.0,0.0,0.0,5,8.448571428571428,1.1542857142857144,5.514285714285714
348,4.9,3.67,0.2,10.5,-0.9,3.45,-5.1,3.0,1.52,3.4,0.0,7.6,5,8.465714285714286,1.2857142857142858,5.811428571428571
349,6.98,3.93,3.2,11.7,-0.92,2.15,-3.8,2.1,4.3,7.64,0.0,17.7,5,7.654285714285715,0.9571428571428572,5.628571428571428
350,8.96,5.34,0.7,14.9,2.98,5.12,-4.1,10.3,8.86,8.7,0.0,20.1,5,7.142857142857143,0.5800000000000001,5.6
351,10.06,5.7,1.4,14.6,3.84,5.18,-4.2,8.2,8.38,9.37,0.0,20.1,5,6.6000000000000005,0.07428571428571429,5.6657142857142855
352,6.98,6.44,-2.0,15.3,1.06,5.33,-6.7,6.2,15.5,30.96,0.0,70.8,5,6.340000000000001,-0.2314285714285714,5.571428571428571
353,4.68,3.57,-1.1,7.7,-2.28,3.73,-8.5,1.5,0.64,1.21,0.0,2.8,5,5.857142857142857,-0.62,5.354285714285715
354,3.64,2.09,1.5,7.1,-3.26,2.32,-6.2,-0.1,0.46,0.65,0.0,1.4,5,5.248571428571429,-2.0114285714285716,4.557142857142857
355,3.08,1.87,0.5,5.5,-3.04,2.3,-6.6,-0.9,0.86,1.76,0.0,4.0,5,4.591428571428572,-2.897142857142857,3.5285714285714285
356,3.6,6.32,-6.9,8.2,-3.64,5.0,-11.5,0.4,2.78,3.81,0.0,7.0,5,4.5600000000000005,-3.4285714285714284,2.617142857142857
357,4.7,5.79,-3.0,12.9,-6.76,6.17,-14.6,-1.9,3.28,7.17,0.0,16.1,5,4.317142857142858,-3.491428571428571,2.531428571428571
358,5.46,7.23,-3.9,15.0,-2.36,6.85,-13.4,4.8,1.18,1.59,0.0,3.7,5,4.417142857142857,-3.3628571428571434,2.599999999999999
359,6.76,7.35,-2.1,14.9,-2.66,4.61,-9.9,1.0,9.12,18.19,0.0,41.5,5,5.208571428571429,-2.5942857142857143,3.568571428571428
360,2.98,4.9,-1.3,9.0,-2.72,5.69,-7.8,3.6,0.04,0.09,0.0,0.2,5,6.057142857142857,-1.662857142857143,3.662857142857143
361,4.34,3.01,2.4,9.5,-2.36,5.13,-7.6,5.8,0.94,1.52,0.0,3.5,5,6.748571428571429,-0.34,3.517142857142857
362,8.62,1.88,6.8,11.3,2.34,4.62,-3.6,9.0,7.64,13.14,0.0,30.7,5,7.291428571428571,0.42285714285714276,4.082857142857143
363,9.54,3.87,4.3,13.9,2.88,3.92,-2.2,7.2,3.44,5.12,0.0,11.9,5,7.651428571428572,1.26,3.6885714285714286
364,9.54,3.52,4.6,13.0,2.5,4.52,-3.6,8.3,2.26,3.58,0.0,8.3,5,8.568571428571428,1.7857142857142858,4.425714285714285
365,9.26,1.92,6.4,11.4,2.98,3.47,-1.5,6.8,5.14,4.49,0.0,9.9,5,8.794285714285715,2.097142857142857,4.82
