event_date,year,month,day,day_of_year,temperature_2m_max,temperature_2m_min,precipitation_sum
2026-01-01,2026,1,1,1,7.07,2.34,22.2
2026-01-02,2026,1,2,2,2.39,1.89,0.0
2026-01-03,2026,1,3,3,8.39,1.19,1.08
2026-01-04,2026,1,4,4,6.08,1.58,4.42
2026-01-05,2026,1,5,5,12.23,-6.33,3.7
2026-01-06,2026,1,6,6,5.6,-4.15,5.49
2026-01-07,2026,1,7,7,0.91,-2.07,7.81
2026-01-08,2026,1,8,8,-2.68,-3.3,3.28
2026-01-09,2026,1,9,9,7.41,2.43,0.0
2026-01-10,2026,1,10,10,3.65,-0.17,13.9
2026-01-11,2026,1,11,11,4.85,-0.15,4.1
2026-01-12,2026,1,12,12,3.4,-2.97,7.44
2026-01-13,2026,1,13,13,-2.62,-3.12,2.65
2026-01-14,2026,1,14,14,7.39,-0.45,3.4
2026-01-15,2026,1,15,15,7.72,-5.38,3.57
2026-01-16,2026,1,16,16,5.72,4.17,16.63
2026-01-17,2026,1,17,17,7.39,-9.01,0.0
2026-01-18,2026,1,18,18,-2.02,-2.52,4.25
2026-01-19,2026,1,19,19,9.77,-1.78,0.08
2026-01-20,2026,1,20,20,1.01,0.45,5.61
2026-01-21,2026,1,21,21,4.78,0.2,2.31
2026-01-22,2026,1,22,22,7.12,-13.62,0.11
2026-01-23,2026,1,23,23,-6.22,-6.72,6.21
2026-01-24,2026,1,24,24,9.85,2.05,0.0
2026-01-25,2026,1,25,25,3.9,3.4,0.0
2026-01-26,2026,1,26,26,-5.8,-6.3,2.93
2026-01-27,2026,1,27,27,2.8,-6.09,2.75
2026-01-28,2026,1,28,28,15.49,-1.66,3.27
2026-01-29,2026,1,29,29,2.09,-4.11,6.18
2026-01-30,2026,1,30,30,-5.3,-5.8,3.53
2026-01-31,2026,1,31,31,2.57,-9.26,4.34
2026-02-01,2026,2,1,32,5.21,-3.3,13.92
2026-02-02,2026,2,2,33,2.7,-1.07,6.88
2026-02-03,2026,2,3,34,1.67,-4.1,2.22
2026-02-04,2026,2,4,35,11.16,0.55,0.0
2026-02-05,2026,2,5,36,7.72,-3.82,2.08
2026-02-06,2026,2,6,37,4.61,4.11,0.0
2026-02-07,2026,2,7,38,4.98,-2.57,0.0
2026-02-08,2026,2,8,39,6.12,3.13,3.82
2026-02-09,2026,2,9,40,3.48,-9.44,5.64
2026-02-10,2026,2,10,41,5.46,-6.48,2.8
2026-02-11,2026,2,11,42,5.95,-3.15,0.0
2026-02-12,2026,2,12,43,14.7,-7.25,5.86
2026-02-13,2026,2,13,44,-0.84,-10.03,2.7
2026-02-14,2026,2,14,45,10.62,-3.46,4.07
2026-02-15,2026,2,15,46,16.37,5.08,7.04
2026-02-16,2026,2,16,47,0.55,-0.17,5.57
2026-02-17,2026,2,17,48,6.19,-0.06,3.33
2026-02-18,2026,2,18,49,6.76,-0.5,7.52
2026-02-19,2026,2,19,50,4.66,-3.48,3.63
2026-02-20,2026,2,20,51,2.03,1.53,2.32
2026-02-21,2026,2,21,52,1.17,-2.35,0.0
2026-02-22,2026,2,22,53,-3.78,-4.28,3.16
2026-02-23,2026,2,23,54,9.22,-4.69,0.43
2026-02-24,2026,2,24,55,-0.97,-1.47,2.32
2026-02-25,2026,2,25,56,9.86,1.01,23.07
2026-02-26,2026,2,26,57,11.78,-3.01,1.87
2026-02-27,2026,2,27,58,4.07,-4.55,10.84
2026-02-28,2026,2,28,59,10.84,-8.96,8.91
2026-03-01,2026,3,1,60,11.53,0.34,9.32
2026-03-02,2026,3,2,61,12.57,0.84,12.1
2026-03-03,2026,3,3,62,5.69,3.6,3.3
2026-03-04,2026,3,4,63,10.13,2.5,3.25
2026-03-05,2026,3,5,64,9.76,9.26,0.0
2026-03-06,2026,3,6,65,4.28,1.52,0.0
2026-03-07,2026,3,7,66,6.08,5.58,9.43
2026-03-08,2026,3,8,67,12.12,2.3,5.15
2026-03-09,2026,3,9,68,8.17,1.62,0.0
2026-03-10,2026,3,10,69,11.7,-0.0,3.6
2026-03-11,2026,3,11,70,10.68,2.09,3.62
2026-03-12,2026,3,12,71,9.29,1.82,9.07
2026-03-13,2026,3,13,72,11.25,-2.56,11.62
2026-03-14,2026,3,14,73,13.1,2.44,0.0
2026-03-15,2026,3,15,74,11.81,-3.38,3.35
2026-03-16,2026,3,16,75,11.76,2.98,0.0
2026-03-17,2026,3,17,76,13.38,4.86,22.47
2026-03-18,2026,3,18,77,10.61,3.78,20.08
2026-03-19,2026,3,19,78,12.45,-3.43,1.96
2026-03-20,2026,3,20,79,10.74,-4.82,3.54
2026-03-21,2026,3,21,80,12.77,-6.01,4.34
2026-03-22,2026,3,22,81,10.69,0.46,4.92
2026-03-23,2026,3,23,82,14.53,2.31,0.0
2026-03-24,2026,3,24,83,14.35,-3.37,7.96
2026-03-25,2026,3,25,84,6.53,0.64,8.03
2026-03-26,2026,3,26,85,21.03,-2.83,7.49
2026-03-27,2026,3,27,86,15.74,0.91,3.81
2026-03-28,2026,3,28,87,7.4,6.9,10.87
2026-03-29,2026,3,29,88,32.83,4.11,1.99
2026-03-30,2026,3,30,89,12.92,8.42,4.36
2026-03-31,2026,3,31,90,13.88,5.27,18.6
2026-04-01,2026,4,1,91,18.02,2.04,1.4
2026-04-02,2026,4,2,92,10.87,9.4,0.0
2026-04-03,2026,4,3,93,6.95,6.45,0.0
2026-04-04,2026,4,4,94,11.74,-2.85,3.82
2026-04-05,2026,4,5,95,13.58,3.1,6.25
2026-04-06,2026,4,6,96,15.76,2.28,3.66
2026-04-07,2026,4,7,97,16.23,4.38,25.64
2026-04-08,2026,4,8,98,22.05,5.7,10.44
2026-04-09,2026,4,9,99,10.21,8.75,5.72
2026-04-10,2026,4,10,100,10.6,6.35,5.49
2026-04-11,2026,4,11,101,17.34,5.37,0.0
2026-04-12,2026,4,12,102,16.21,11.58,0.0
2026-04-13,2026,4,13,103,16.36,6.7,4.83
2026-04-14,2026,4,14,104,9.9,9.4,4.0
2026-04-15,2026,4,15,105,19.82,7.07,16.36
2026-04-16,2026,4,16,106,20.01,11.19,5.25
2026-04-17,2026,4,17,107,16.0,7.68,3.11
2026-04-18,2026,4,18,108,24.35,5.72,0.12
2026-04-19,2026,4,19,109,7.81,0.29,23.83
2026-04-20,2026,4,20,110,20.14,6.7,3.09
2026-04-21,2026,4,21,111,14.91,5.32,5.41
2026-04-22,2026,4,22,112,11.51,11.01,1.36
2026-04-23,2026,4,23,113,11.79,9.78,0.0
2026-04-24,2026,4,24,114,19.23,7.48,2.65
2026-04-25,2026,4,25,115,14.02,5.67,1.21
2026-04-26,2026,4,26,116,14.87,10.57,3.34
2026-04-27,2026,4,27,117,16.8,5.94,3.87
2026-04-28,2026,4,28,118,19.3,3.03,3.5
2026-04-29,2026,4,29,119,24.39,3.63,0.51
2026-04-30,2026,4,30,120,19.25,9.26,3.82
2026-05-01,2026,5,1,121,21.21,14.98,3.76
2026-05-02,2026,5,2,122,27.22,11.91,4.71
2026-05-03,2026,5,3,123,16.36,10.59,4.95
2026-05-04,2026,5,4,124,19.66,8.91,6.05
2026-05-05,2026,5,5,125,21.89,9.62,3.9
2026-05-06,2026,5,6,126,20.47,10.07,0.0
2026-05-07,2026,5,7,127,19.17,9.33,7.19
2026-05-08,2026,5,8,128,30.69,15.39,7.21
2026-05-09,2026,5,9,129,18.53,3.66,3.5
2026-05-10,2026,5,10,130,18.7,11.12,2.76
2026-05-11,2026,5,11,131,20.98,9.72,2.9
2026-05-12,2026,5,12,132,19.1,6.95,6.28
2026-05-13,2026,5,13,133,16.84,8.0,5.51
2026-05-14,2026,5,14,134,22.62,11.19,1.77
2026-05-15,2026,5,15,135,21.06,15.45,6.04
2026-05-16,2026,5,16,136,24.49,10.59,2.2
2026-05-17,2026,5,17,137,24.36,15.86,2.62
2026-05-18,2026,5,18,138,16.53,10.37,3.84
2026-05-19,2026,5,19,139,24.43,13.91,3.05
2026-05-20,2026,5,20,140,21.51,12.23,7.37
2026-05-21,2026,5,21,141,23.85,17.69,7.27
2026-05-22,2026,5,22,142,26.86,16.43,6.96
2026-05-23,2026,5,23,143,18.09,11.7,0.0
2026-05-24,2026,5,24,144,18.31,17.81,3.47
2026-05-25,2026,5,25,145,22.52,13.87,3.91
2026-05-26,2026,5,26,146,21.19,9.35,3.6
2026-05-27,2026,5,27,147,20.24,11.95,21.74
2026-05-28,2026,5,28,148,23.38,8.08,0.34
2026-05-29,2026,5,29,149,22.01,10.43,7.21
2026-05-30,2026,5,30,150,25.77,16.19,3.72
2026-05-31,2026,5,31,151,26.63,14.5,35.63
2026-06-01,2026,6,1,152,20.62,11.66,3.07
2026-06-02,2026,6,2,153,22.21,14.91,5.46
2026-06-03,2026,6,3,154,25.78,12.64,0.0
2026-06-04,2026,6,4,155,25.46,15.96,7.14
2026-06-05,2026,6,5,156,26.37,16.8,3.99
2026-06-06,2026,6,6,157,28.89,19.48,11.73
2026-06-07,2026,6,7,158,30.17,7.76,2.55
2026-06-08,2026,6,8,159,20.96,18.29,2.77
2026-06-09,2026,6,9,160,26.09,22.46,6.7
2026-06-10,2026,6,10,161,25.12,19.11,3.48
2026-06-11,2026,6,11,162,22.19,17.67,1.98
2026-06-12,2026,6,12,163,16.89,16.39,3.06
2026-06-13,2026,6,13,164,20.83,16.13,0.56
2026-06-14,2026,6,14,165,23.85,12.76,4.48
2026-06-15,2026,6,15,166,23.4,15.57,0.52
2026-06-16,2026,6,16,167,25.54,16.28,5.85
2026-06-17,2026,6,17,168,24.12,13.27,4.37
2026-06-18,2026,6,18,169,27.31,12.43,11.08
2026-06-19,2026,6,19,170,30.1,14.91,3.94
2026-06-20,2026,6,20,171,24.71,13.77,1.64
2026-06-21,2026,6,21,172,24.89,17.8,2.57
2026-06-22,2026,6,22,173,36.17,12.64,3.57
2026-06-23,2026,6,23,174,22.6,20.68,4.03
2026-06-24,2026,6,24,175,40.2,15.34,0.0
2026-06-25,2026,6,25,176,39.78,15.39,2.6
2026-06-26,2026,6,26,177,27.12,19.33,0.0
2026-06-27,2026,6,27,178,29.18,19.3,5.73
2026-06-28,2026,6,28,179,29.95,20.71,4.85
2026-06-29,2026,6,29,180,24.81,19.36,5.74
2026-06-30,2026,6,30,181,32.94,19.41,0.0
2026-07-01,2026,7,1,182,22.97,18.15,22.0
2026-07-02,2026,7,2,183,28.61,17.93,0.0
2026-07-03,2026,7,3,184,27.41,21.36,0.0
2026-07-04,2026,7,4,185,32.0,19.6,8.33
2026-07-05,2026,7,5,186,28.95,19.35,4.87
2026-07-06,2026,7,6,187,26.88,20.8,3.75
2026-07-07,2026,7,7,188,30.08,20.74,2.66
2026-07-08,2026,7,8,189,30.12,23.02,0.0
2026-07-09,2026,7,9,190,31.47,22.73,0.0
2026-07-10,2026,7,10,191,26.11,25.61,3.78
2026-07-11,2026,7,11,192,31.64,19.83,10.0
2026-07-12,2026,7,12,193,31.28,22.53,12.76
2026-07-13,2026,7,13,194,27.29,21.99,0.0
2026-07-14,2026,7,14,195,27.82,20.82,9.67
2026-07-15,2026,7,15,196,28.32,19.91,6.08
2026-07-16,2026,7,16,197,32.44,18.05,0.0
2026-07-17,2026,7,17,198,31.2,21.87,0.0
2026-07-18,2026,7,18,199,28.83,21.25,0.0
2026-07-19,2026,7,19,200,31.44,23.73,3.14
2026-07-20,2026,7,20,201,32.36,20.39,6.78
2026-07-21,2026,7,21,202,28.49,23.25,0.0
2026-07-22,2026,7,22,203,32.97,22.05,1.76
2026-07-23,2026,7,23,204,28.32,26.37,4.69
2026-07-24,2026,7,24,205,28.41,14.55,1.23
2026-07-25,2026,7,25,206,29.25,23.13,2.99
2026-07-26,2026,7,26,207,30.38,20.1,3.02
2026-07-27,2026,7,27,208,26.24,22.11,2.76
2026-07-28,2026,7,28,209,27.0,22.24,4.59
2026-07-29,2026,7,29,210,18.91,18.41,0.0
2026-07-30,2026,7,30,211,31.73,16.49,7.23
2026-07-31,2026,7,31,212,32.35,25.62,0.0
2026-08-01,2026,8,1,213,34.23,20.97,4.63
2026-08-02,2026,8,2,214,23.42,22.92,0.32
2026-08-03,2026,8,3,215,28.57,24.33,6.22
2026-08-04,2026,8,4,216,24.41,23.91,9.41
2026-08-05,2026,8,5,217,25.26,21.18,7.04
2026-08-06,2026,8,6,218,27.54,18.44,0.0
2026-08-07,2026,8,7,219,23.45,21.58,25.16
2026-08-08,2026,8,8,220,36.8,24.74,0.0
2026-08-09,2026,8,9,221,22.89,19.97,0.0
2026-08-10,2026,8,10,222,25.62,19.95,0.0
2026-08-11,2026,8,11,223,28.36,15.68,4.82
2026-08-12,2026,8,12,224,29.05,21.63,0.0
2026-08-13,2026,8,13,225,28.51,20.29,7.43
2026-08-14,2026,8,14,226,26.13,19.1,2.09
2026-08-15,2026,8,15,227,28.17,21.47,0.0
2026-08-16,2026,8,16,228,28.45,20.06,4.87
2026-08-17,2026,8,17,229,28.16,20.89,3.21
2026-08-18,2026,8,18,230,26.75,24.46,4.48
2026-08-19,2026,8,19,231,29.77,23.04,22.1
2026-08-20,2026,8,20,232,22.33,19.83,4.53
2026-08-21,2026,8,21,233,31.19,19.62,4.53
2026-08-22,2026,8,22,234,29.76,17.51,4.6
2026-08-23,2026,8,23,235,28.3,20.05,12.64
2026-08-24,2026,8,24,236,29.82,16.65,2.66
2026-08-25,2026,8,25,237,31.03,20.12,0.0
2026-08-26,2026,8,26,238,29.82,17.02,0.0
2026-08-27,2026,8,27,239,25.95,23.01,2.64
2026-08-28,2026,8,28,240,32.92,22.49,0.0
2026-08-29,2026,8,29,241,28.08,18.96,6.37
2026-08-30,2026,8,30,242,30.34,17.51,5.0
2026-08-31,2026,8,31,243,27.71,16.2,5.08
2026-09-01,2026,9,1,244,23.48,20.53,0.0
2026-09-02,2026,9,2,245,25.82,20.18,22.12
2026-09-03,2026,9,3,246,28.48,22.09,3.59
2026-09-04,2026,9,4,247,31.02,10.22,1.48
2026-09-05,2026,9,5,248,20.02,19.52,3.55
2026-09-06,2026,9,6,249,25.15,17.28,11.33
2026-09-07,2026,9,7,250,31.56,20.89,1.78
2026-09-08,2026,9,8,251,24.91,24.41,5.49
2026-09-09,2026,9,9,252,29.13,16.36,12.88
2026-09-10,2026,9,10,253,26.84,19.51,8.47
2026-09-11,2026,9,11,254,26.91,16.43,0.0
2026-09-12,2026,9,12,255,23.19,16.62,9.66
2026-09-13,2026,9,13,256,28.95,21.79,10.97
2026-09-14,2026,9,14,257,26.04,16.41,2.41
2026-09-15,2026,9,15,258,26.34,20.24,2.11
2026-09-16,2026,9,16,259,25.66,18.54,1.64
2026-09-17,2026,9,17,260,24.84,20.26,1.69
2026-09-18,2026,9,18,261,28.58,19.02,9.2
2026-09-19,2026,9,19,262,23.66,17.98,1.35
2026-09-20,2026,9,20,263,22.73,19.16,2.18
2026-09-21,2026,9,21,264,22.9,21.33,3.48
2026-09-22,2026,9,22,265,23.31,16.76,0.29
2026-09-23,2026,9,23,266,23.03,11.78,15.05
2026-09-24,2026,9,24,267,19.28,18.78,11.15
2026-09-25,2026,9,25,268,25.02,15.03,0.52
2026-09-26,2026,9,26,269,19.12,17.47,5.42
2026-09-27,2026,9,27,270,19.91,4.47,5.56
2026-09-28,2026,9,28,271,20.66,20.16,4.66
2026-09-29,2026,9,29,272,22.74,16.36,0.0
2026-09-30,2026,9,30,273,16.76,13.92,21.1
2026-10-01,2026,10,1,274,17.03,15.71,24.76
2026-10-02,2026,10,2,275,29.92,15.69,7.58
2026-10-03,2026,10,3,276,28.18,15.36,18.45
2026-10-04,2026,10,4,277,29.59,16.49,0.0
2026-10-05,2026,10,5,278,20.01,11.35,0.0
2026-10-06,2026,10,6,279,21.46,8.72,6.1
2026-10-07,2026,10,7,280,19.94,9.08,1.9
2026-10-08,2026,10,8,281,18.89,15.3,2.9
2026-10-09,2026,10,9,282,15.7,10.6,2.37
2026-10-10,2026,10,10,283,19.78,9.51,3.06
2026-10-11,2026,10,11,284,19.07,11.43,2.04
2026-10-12,2026,10,12,285,12.17,11.67,0.0
2026-10-13,2026,10,13,286,16.61,7.96,0.0
2026-10-14,2026,10,14,287,17.72,10.75,5.94
2026-10-15,2026,10,15,288,14.16,13.66,1.64
2026-10-16,2026,10,16,289,20.36,7.22,0.0
2026-10-17,2026,10,17,290,17.7,16.41,10.37
2026-10-18,2026,10,18,291,18.95,10.62,2.05
2026-10-19,2026,10,19,292,22.07,8.74,2.29
2026-10-20,2026,10,20,293,19.94,12.25,0.0
2026-10-21,2026,10,21,294,12.98,9.98,0.0
2026-10-22,2026,10,22,295,22.0,10.85,2.25
2026-10-23,2026,10,23,296,17.42,10.2,18.21
2026-10-24,2026,10,24,297,14.67,10.76,3.78
2026-10-25,2026,10,25,298,17.56,11.62,3.51
2026-10-26,2026,10,26,299,19.12,8.5,0.0
2026-10-27,2026,10,27,300,19.15,8.72,4.58
2026-10-28,2026,10,28,301,8.66,8.16,4.07
2026-10-29,2026,10,29,302,17.13,9.28,16.53
2026-10-30,2026,10,30,303,22.03,19.91,2.66
2026-10-31,2026,10,31,304,10.8,10.3,8.74
2026-11-01,2026,11,1,305,15.44,5.64,0.0
2026-11-02,2026,11,2,306,16.06,6.73,1.82
2026-11-03,2026,11,3,307,16.22,6.06,1.38
2026-11-04,2026,11,4,308,20.04,8.57,1.1
2026-11-05,2026,11,5,309,17.07,7.22,0.19
2026-11-06,2026,11,6,310,7.94,6.66,0.17
2026-11-07,2026,11,7,311,11.99,11.49,1.07
2026-11-08,2026,11,8,312,18.66,7.45,1.33
2026-11-09,2026,11,9,313,8.72,7.58,1.87
2026-11-10,2026,11,10,314,16.27,5.16,2.93
2026-11-11,2026,11,11,315,15.12,5.83,6.51
2026-11-12,2026,11,12,316,17.14,4.94,2.51
2026-11-13,2026,11,13,317,12.28,5.51,5.6
2026-11-14,2026,11,14,318,13.37,5.64,2.78
2026-11-15,2026,11,15,319,9.49,6.05,1.9
2026-11-16,2026,11,16,320,9.03,5.3,0.0
2026-11-17,2026,11,17,321,15.9,0.64,1.69
2026-11-18,2026,11,18,322,7.48,5.77,4.16
2026-11-19,2026,11,19,323,12.7,3.19,1.94
2026-11-20,2026,11,20,324,16.75,3.05,3.38
2026-11-21,2026,11,21,325,17.5,-2.35,0.0
2026-11-22,2026,11,22,326,15.37,7.71,0.0
2026-11-23,2026,11,23,327,8.46,-0.03,5.23
2026-11-24,2026,11,24,328,8.08,2.32,4.69
2026-11-25,2026,11,25,329,9.6,5.0,3.28
2026-11-26,2026,11,26,330,8.39,3.04,5.82
2026-11-27,2026,11,27,331,9.59,0.37,2.78
2026-11-28,2026,11,28,332,8.53,4.88,7.91
2026-11-29,2026,11,29,333,9.17,6.14,3.66
2026-11-30,2026,11,30,334,-0.9,-1.4,5.69
2026-12-01,2026,12,1,335,10.19,1.96,3.17
2026-12-02,2026,12,2,336,18.5,-6.37,4.32
2026-12-03,2026,12,3,337,13.92,0.92,33.87
2026-12-04,2026,12,4,338,9.76,3.12,4.84
2026-12-05,2026,12,5,339,9.01,1.8,10.04
2026-12-06,2026,12,6,340,2.88,-4.09,0.0
2026-12-07,2026,12,7,341,5.91,-3.8,0.0
2026-12-08,2026,12,8,342,16.66,1.33,4.7
2026-12-09,2026,12,9,343,10.21,1.22,7.58
2026-12-10,2026,12,10,344,14.32,2.51,0.0
2026-12-11,2026,12,11,345,9.07,1.95,0.0
2026-12-12,2026,12,12,346,10.97,0.31,4.33
2026-12-13,2026,12,13,347,13.1,-3.36,5.51
2026-12-14,2026,12,14,348,11.05,4.35,3.78
2026-12-15,2026,12,15,349,3.61,2.84,3.16
2026-12-16,2026,12,16,350,6.07,1.05,0.91
2026-12-17,2026,12,17,351,19.28,2.23,0.0
2026-12-18,2026,12,18,352,6.43,2.86,0.0
2026-12-19,2026,12,19,353,10.4,9.9,4.98
2026-12-20,2026,12,20,354,5.08,0.23,4.19
2026-12-21,2026,12,21,355,2.37,-2.82,9.34
2026-12-22,2026,12,22,356,-0.46,-9.87,1.17
2026-12-23,2026,12,23,357,-4.32,-8.6,0.0
2026-12-24,2026,12,24,358,-8.72,-9.22,4.42
2026-12-25,2026,12,25,359,2.98,-3.95,0.0
2026-12-26,2026,12,26,360,2.48,-3.29,3.62
2026-12-27,2026,12,27,361,2.59,0.94,5.33
2026-12-28,2026,12,28,362,5.82,-1.01,23.26
2026-12-29,2026,12,29,363,5.41,4.91,3.1
2026-12-30,2026,12,30,364,10.4,-1.22,7.98
2026-12-31,2026,12,31,365,9.84,8.31,0.0
2027-01-01,2027,1,1,1,9.72,-1.6,0.0
2027-01-02,2027,1,2,2,9.1,-4.46,12.66
2027-01-03,2027,1,3,3,2.89,-3.92,8.75
2027-01-04,2027,1,4,4,6.76,-0.23,4.23
2027-01-05,2027,1,5,5,2.9,-8.92,1.21
2027-01-06,2027,1,6,6,6.66,2.79,8.76
2027-01-07,2027,1,7,7,8.26,0.27,6.18
2027-01-08,2027,1,8,8,2.86,-3.31,3.28
2027-01-09,2027,1,9,9,14.43,-1.3,3.11
2027-01-10,2027,1,10,10,-4.9,-9.35,28.08
2027-01-11,2027,1,11,11,11.48,-0.33,4.35
2027-01-12,2027,1,12,12,4.95,-3.75,28.81
2027-01-13,2027,1,13,13,4.59,-3.38,0.0
2027-01-14,2027,1,14,14,5.65,-4.15,4.01
2027-01-15,2027,1,15,15,7.53,-8.9,3.87
2027-01-16,2027,1,16,16,4.81,-11.96,8.38
2027-01-17,2027,1,17,17,1.06,-11.18,0.0
2027-01-18,2027,1,18,18,1.4,0.9,5.13
2027-01-19,2027,1,19,19,2.71,-4.75,4.84
2027-01-20,2027,1,20,20,6.88,-7.26,4.1
2027-01-21,2027,1,21,21,2.08,-9.37,1.75
2027-01-22,2027,1,22,22,-1.26,-1.76,4.23
2027-01-23,2027,1,23,23,3.46,-14.47,0.0
2027-01-24,2027,1,24,24,-0.66,-5.73,0.63
2027-01-25,2027,1,25,25,-0.26,-10.72,4.22
2027-01-26,2027,1,26,26,4.89,2.62,0.0
2027-01-27,2027,1,27,27,-5.39,-5.89,2.6
2027-01-28,2027,1,28,28,1.94,-6.89,16.04
2027-01-29,2027,1,29,29,13.35,-4.5,2.41
2027-01-30,2027,1,30,30,4.27,-8.36,3.53
2027-01-31,2027,1,31,31,-3.72,-8.96,7.21
2027-02-01,2027,2,1,32,4.88,0.68,1.97
2027-02-02,2027,2,2,33,4.57,-3.38,7.06
2027-02-03,2027,2,3,34,6.21,-11.91,0.0
2027-02-04,2027,2,4,35,-3.18,-3.68,5.61
2027-02-05,2027,2,5,36,3.23,-1.07,3.04
2027-02-06,2027,2,6,37,2.56,0.66,4.75
2027-02-07,2027,2,7,38,7.29,-4.3,0.0
2027-02-08,2027,2,8,39,5.07,-1.56,0.89
2027-02-09,2027,2,9,40,4.11,-0.58,0.0
2027-02-10,2027,2,10,41,6.96,-4.39,2.81
2027-02-11,2027,2,11,42,-7.31,-13.1,2.02
2027-02-12,2027,2,12,43,5.94,-5.73,5.01
2027-02-13,2027,2,13,44,11.22,1.5,0.0
2027-02-14,2027,2,14,45,15.6,-10.79,3.94
2027-02-15,2027,2,15,46,3.21,2.71,0.0
2027-02-16,2027,2,16,47,3.24,-7.78,17.02
2027-02-17,2027,2,17,48,-4.45,-4.95,6.46
2027-02-18,2027,2,18,49,13.1,-1.94,2.73
2027-02-19,2027,2,19,50,6.1,-3.02,5.36
2027-02-20,2027,2,20,51,-1.51,-2.01,2.16
2027-02-21,2027,2,21,52,-2.74,-3.53,1.63
2027-02-22,2027,2,22,53,9.66,-2.91,0.0
2027-02-23,2027,2,23,54,10.87,-2.78,1.89
2027-02-24,2027,2,24,55,5.99,-0.77,2.35
2027-02-25,2027,2,25,56,3.83,3.01,18.0
2027-02-26,2027,2,26,57,6.43,-2.7,3.06
2027-02-27,2027,2,27,58,6.89,-2.94,4.14
2027-02-28,2027,2,28,59,7.05,-1.84,12.73
2027-03-01,2027,3,1,60,6.73,-1.64,3.47
2027-03-02,2027,3,2,61,4.9,-1.32,2.14
2027-03-03,2027,3,3,62,6.72,2.84,8.57
2027-03-04,2027,3,4,63,8.63,0.12,33.02
2027-03-05,2027,3,5,64,8.9,0.2,0.0
2027-03-06,2027,3,6,65,22.69,0.83,9.85
2027-03-07,2027,3,7,66,4.47,3.97,6.04
2027-03-08,2027,3,8,67,10.87,3.83,5.19
2027-03-09,2027,3,9,68,16.34,3.66,1.8
2027-03-10,2027,3,10,69,8.3,0.57,7.88
2027-03-11,2027,3,11,70,8.6,0.51,0.83
2027-03-12,2027,3,12,71,17.86,8.58,7.11
2027-03-13,2027,3,13,72,6.68,5.69,0.0
2027-03-14,2027,3,14,73,14.03,8.1,0.3
2027-03-15,2027,3,15,74,12.77,6.24,3.9
2027-03-16,2027,3,16,75,14.2,-3.71,12.46
2027-03-17,2027,3,17,76,10.57,4.49,2.63
2027-03-18,2027,3,18,77,18.73,2.56,8.68
2027-03-19,2027,3,19,78,11.92,2.63,4.12
2027-03-20,2027,3,20,79,13.31,-2.82,4.28
2027-03-21,2027,3,21,80,17.26,3.55,4.8
2027-03-22,2027,3,22,81,14.63,1.68,4.94
2027-03-23,2027,3,23,82,13.52,-0.81,0.0
2027-03-24,2027,3,24,83,13.91,11.04,1.83
2027-03-25,2027,3,25,84,12.85,1.17,1.2
2027-03-26,2027,3,26,85,12.86,10.9,6.74
2027-03-27,2027,3,27,86,11.48,5.93,2.39
2027-03-28,2027,3,28,87,7.4,4.67,5.57
2027-03-29,2027,3,29,88,18.02,1.24,1.11
2027-03-30,2027,3,30,89,20.89,7.13,4.35
2027-03-31,2027,3,31,90,12.72,0.77,11.56
2027-04-01,2027,4,1,91,9.9,4.02,3.58
2027-04-02,2027,4,2,92,16.1,1.79,19.33
2027-04-03,2027,4,3,93,30.31,9.83,7.49
2027-04-04,2027,4,4,94,13.01,8.72,8.28
2027-04-05,2027,4,5,95,7.96,7.46,6.77
2027-04-06,2027,4,6,96,14.17,6.99,0.0
2027-04-07,2027,4,7,97,14.1,8.19,16.82
2027-04-08,2027,4,8,98,8.91,5.64,12.41
2027-04-09,2027,4,9,99,21.21,7.76,5.0
2027-04-10,2027,4,10,100,10.57,6.67,4.27
2027-04-11,2027,4,11,101,11.18,2.73,4.5
2027-04-12,2027,4,12,102,20.13,13.75,6.69
2027-04-13,2027,4,13,103,12.56,9.26,4.15
2027-04-14,2027,4,14,104,-0.63,-1.13,3.48
2027-04-15,2027,4,15,105,8.31,7.81,12.06
2027-04-16,2027,4,16,106,10.92,7.58,3.25
2027-04-17,2027,4,17,107,23.52,8.71,4.56
2027-04-18,2027,4,18,108,15.06,8.85,0.0
2027-04-19,2027,4,19,109,25.83,6.94,5.43
2027-04-20,2027,4,20,110,11.71,10.46,4.87
2027-04-21,2027,4,21,111,18.02,3.07,0.31
2027-04-22,2027,4,22,112,14.35,8.61,0.0
2027-04-23,2027,4,23,113,12.27,0.5,1.47
2027-04-24,2027,4,24,114,13.71,4.24,0.56
2027-04-25,2027,4,25,115,13.33,-5.22,0.0
2027-04-26,2027,4,26,116,19.19,13.67,1.77
2027-04-27,2027,4,27,117,16.9,4.25,3.24
2027-04-28,2027,4,28,118,17.79,9.64,1.69
2027-04-29,2027,4,29,119,17.91,3.93,14.87
2027-04-30,2027,4,30,120,17.22,4.03,11.49
2027-05-01,2027,5,1,121,16.01,9.78,3.88
2027-05-02,2027,5,2,122,22.19,9.52,5.54
2027-05-03,2027,5,3,123,17.4,11.3,4.54
2027-05-04,2027,5,4,124,22.52,7.4,11.18
2027-05-05,2027,5,5,125,20.61,11.22,14.84
2027-05-06,2027,5,6,126,20.53,12.07,6.38
2027-05-07,2027,5,7,127,16.32,8.41,0.0
2027-05-08,2027,5,8,128,23.7,9.3,4.17
2027-05-09,2027,5,9,129,18.04,14.16,0.0
2027-05-10,2027,5,10,130,18.28,10.7,0.0
2027-05-11,2027,5,11,131,21.9,11.35,2.88
2027-05-12,2027,5,12,132,16.42,12.55,0.17
2027-05-13,2027,5,13,133,24.8,15.32,2.41
2027-05-14,2027,5,14,134,19.48,15.88,0.89
2027-05-15,2027,5,15,135,22.52,14.5,13.06
2027-05-16,2027,5,16,136,18.59,8.19,1.83
2027-05-17,2027,5,17,137,23.71,14.75,3.86
2027-05-18,2027,5,18,138,16.13,13.45,2.97
2027-05-19,2027,5,19,139,23.54,13.47,7.88
2027-05-20,2027,5,20,140,21.67,13.53,6.8
2027-05-21,2027,5,21,141,22.45,15.63,4.22
2027-05-22,2027,5,22,142,24.26,16.29,0.0
2027-05-23,2027,5,23,143,23.56,7.81,0.0
2027-05-24,2027,5,24,144,16.82,14.94,2.28
2027-05-25,2027,5,25,145,19.66,16.22,3.91
2027-05-26,2027,5,26,146,23.61,16.03,2.6
2027-05-27,2027,5,27,147,18.13,4.62,0.0
2027-05-28,2027,5,28,148,21.61,6.31,0.0
2027-05-29,2027,5,29,149,19.07,8.88,0.0
2027-05-30,2027,5,30,150,29.91,9.9,11.67
2027-05-31,2027,5,31,151,8.22,7.72,0.0
2027-06-01,2027,6,1,152,28.76,13.28,6.01
2027-06-02,2027,6,2,153,28.61,14.16,2.21
2027-06-03,2027,6,3,154,25.86,13.6,0.0
2027-06-04,2027,6,4,155,24.99,11.24,9.55
2027-06-05,2027,6,5,156,22.3,19.87,1.75
2027-06-06,2027,6,6,157,25.03,16.23,39.19
2027-06-07,2027,6,7,158,23.19,12.1,0.0
2027-06-08,2027,6,8,159,26.98,9.99,0.0
2027-06-09,2027,6,9,160,23.57,17.99,7.54
2027-06-10,2027,6,10,161,25.61,16.1,3.73
2027-06-11,2027,6,11,162,27.19,16.68,3.09
2027-06-12,2027,6,12,163,26.29,14.54,1.83
2027-06-13,2027,6,13,164,23.9,15.22,6.98
2027-06-14,2027,6,14,165,28.98,16.55,0.0
2027-06-15,2027,6,15,166,30.14,16.38,2.1
2027-06-16,2027,6,16,167,25.24,15.81,8.5
2027-06-17,2027,6,17,168,19.67,19.17,1.02
2027-06-18,2027,6,18,169,27.56,16.91,8.25
2027-06-19,2027,6,19,170,26.56,17.3,2.94
2027-06-20,2027,6,20,171,27.83,19.65,1.44
2027-06-21,2027,6,21,172,22.83,20.31,1.42
2027-06-22,2027,6,22,173,30.32,16.8,0.92
2027-06-23,2027,6,23,174,19.89,11.32,3.19
2027-06-24,2027,6,24,175,25.81,14.37,0.0
2027-06-25,2027,6,25,176,24.15,15.97,2.77
2027-06-26,2027,6,26,177,25.35,20.13,0.0
2027-06-27,2027,6,27,178,31.62,21.63,1.3
2027-06-28,2027,6,28,179,31.46,21.92,2.01
2027-06-29,2027,6,29,180,32.0,21.84,5.67
2027-06-30,2027,6,30,181,24.1,19.91,14.77
2027-07-01,2027,7,1,182,29.99,24.16,1.54
2027-07-02,2027,7,2,183,28.53,23.27,0.0
2027-07-03,2027,7,3,184,24.22,20.53,9.53
2027-07-04,2027,7,4,185,26.89,21.32,2.26
2027-07-05,2027,7,5,186,25.65,20.9,4.81
2027-07-06,2027,7,6,187,30.89,20.3,4.3
2027-07-07,2027,7,7,188,27.92,20.31,6.26
2027-07-08,2027,7,8,189,32.55,21.9,2.11
2027-07-09,2027,7,9,190,31.07,20.21,23.18
2027-07-10,2027,7,10,191,29.68,22.76,2.16
2027-07-11,2027,7,11,192,26.76,24.02,9.85
2027-07-12,2027,7,12,193,28.36,22.5,4.36
2027-07-13,2027,7,13,194,25.76,21.76,6.24
2027-07-14,2027,7,14,195,28.35,22.09,2.22
2027-07-15,2027,7,15,196,26.59,21.89,3.76
2027-07-16,2027,7,16,197,29.14,20.21,9.9
2027-07-17,2027,7,17,198,30.14,21.48,15.42
2027-07-18,2027,7,18,199,29.51,21.65,0.0
2027-07-19,2027,7,19,200,30.35,21.88,2.96
2027-07-20,2027,7,20,201,29.11,20.31,4.39
2027-07-21,2027,7,21,202,29.19,19.44,0.0
2027-07-22,2027,7,22,203,32.73,22.61,0.11
2027-07-23,2027,7,23,204,29.36,21.78,5.2
2027-07-24,2027,7,24,205,30.28,24.4,4.16
2027-07-25,2027,7,25,206,28.85,21.81,8.06
2027-07-26,2027,7,26,207,30.5,21.52,2.93
2027-07-27,2027,7,27,208,31.1,24.64,1.18
2027-07-28,2027,7,28,209,24.58,20.2,7.7
2027-07-29,2027,7,29,210,29.07,21.22,3.3
2027-07-30,2027,7,30,211,22.33,21.83,1.65
2027-07-31,2027,7,31,212,30.3,26.25,0.0
2027-08-01,2027,8,1,213,29.79,20.18,0.0
2027-08-02,2027,8,2,214,25.48,24.94,2.64
2027-08-03,2027,8,3,215,30.96,16.95,5.41
2027-08-04,2027,8,4,216,26.64,20.09,10.25
2027-08-05,2027,8,5,217,31.56,20.04,7.9
2027-08-06,2027,8,6,218,30.49,24.59,0.0
2027-08-07,2027,8,7,219,24.53,20.92,20.21
2027-08-08,2027,8,8,220,27.93,25.97,2.9
2027-08-09,2027,8,9,221,26.54,18.8,10.16
2027-08-10,2027,8,10,222,27.2,21.88,0.0
2027-08-11,2027,8,11,223,27.64,22.31,4.75
2027-08-12,2027,8,12,224,31.7,18.94,3.13
2027-08-13,2027,8,13,225,23.08,21.33,5.6
2027-08-14,2027,8,14,226,29.65,20.8,0.0
2027-08-15,2027,8,15,227,30.46,21.08,8.0
2027-08-16,2027,8,16,228,24.25,19.93,0.0
2027-08-17,2027,8,17,229,27.06,22.15,0.0
2027-08-18,2027,8,18,230,27.36,20.3,0.0
2027-08-19,2027,8,19,231,27.6,18.63,2.52
2027-08-20,2027,8,20,232,34.77,15.96,4.95
2027-08-21,2027,8,21,233,26.34,23.64,4.62
2027-08-22,2027,8,22,234,31.32,15.94,35.43
2027-08-23,2027,8,23,235,28.72,21.28,0.0
2027-08-24,2027,8,24,236,26.08,17.53,3.49
2027-08-25,2027,8,25,237,31.19,17.23,0.33
2027-08-26,2027,8,26,238,28.71,19.6,5.61
2027-08-27,2027,8,27,239,26.84,22.2,1.39
2027-08-28,2027,8,28,240,32.43,23.06,0.0
2027-08-29,2027,8,29,241,27.1,19.26,0.0
2027-08-30,2027,8,30,242,26.88,17.53,4.65
2027-08-31,2027,8,31,243,27.17,15.51,5.51
2027-09-01,2027,9,1,244,23.76,13.66,39.91
2027-09-02,2027,9,2,245,28.94,14.81,0.0
2027-09-03,2027,9,3,246,26.16,18.46,0.08
2027-09-04,2027,9,4,247,24.29,23.57,7.14
2027-09-05,2027,9,5,248,31.03,20.46,3.78
2027-09-06,2027,9,6,249,23.02,20.34,0.0
2027-09-07,2027,9,7,250,30.32,14.0,5.42
2027-09-08,2027,9,8,251,26.87,17.74,4.07
2027-09-09,2027,9,9,252,25.98,22.31,19.71
2027-09-10,2027,9,10,253,27.19,19.56,0.95
2027-09-11,2027,9,11,254,26.7,16.82,8.89
2027-09-12,2027,9,12,255,33.92,18.88,10.1
2027-09-13,2027,9,13,256,27.15,19.5,17.98
2027-09-14,2027,9,14,257,26.03,16.0,2.42
2027-09-15,2027,9,15,258,25.43,14.93,2.11
2027-09-16,2027,9,16,259,23.79,15.85,3.56
2027-09-17,2027,9,17,260,24.29,18.78,0.0
2027-09-18,2027,9,18,261,19.79,16.05,0.0
2027-09-19,2027,9,19,262,15.18,14.68,0.99
2027-09-20,2027,9,20,263,18.67,15.29,2.31
2027-09-21,2027,9,21,264,23.91,12.55,3.47
2027-09-22,2027,9,22,265,25.43,14.49,6.83
2027-09-23,2027,9,23,266,23.28,12.6,0.0
2027-09-24,2027,9,24,267,18.53,12.79,0.0
2027-09-25,2027,9,25,268,19.55,15.63,0.0
2027-09-26,2027,9,26,269,20.73,11.75,8.48
2027-09-27,2027,9,27,270,21.28,8.42,5.85
2027-09-28,2027,9,28,271,22.05,18.99,0.0
2027-09-29,2027,9,29,272,19.71,18.26,42.57
2027-09-30,2027,9,30,273,21.53,11.35,4.38
2027-10-01,2027,10,1,274,23.03,12.01,28.08
2027-10-02,2027,10,2,275,18.49,17.52,7.81
2027-10-03,2027,10,3,276,16.28,14.54,0.0
2027-10-04,2027,10,4,277,24.17,14.38,0.0
2027-10-05,2027,10,5,278,20.09,13.68,0.0
2027-10-06,2027,10,6,279,20.36,5.8,6.07
2027-10-07,2027,10,7,280,21.37,7.86,2.77
2027-10-08,2027,10,8,281,21.1,15.0,2.57
2027-10-09,2027,10,9,282,17.64,10.73,2.64
2027-10-10,2027,10,10,283,17.19,11.37,2.11
2027-10-11,2027,10,11,284,19.43,16.19,2.1
2027-10-12,2027,10,12,285,19.66,12.29,8.52
2027-10-13,2027,10,13,286,18.19,10.65,0.45
2027-10-14,2027,10,14,287,22.34,14.19,2.23
2027-10-15,2027,10,15,288,18.6,12.91,2.44
2027-10-16,2027,10,16,289,19.86,12.92,19.43
2027-10-17,2027,10,17,290,19.04,7.91,1.34
2027-10-18,2027,10,18,291,14.56,9.71,2.64
2027-10-19,2027,10,19,292,20.41,14.58,2.29
2027-10-20,2027,10,20,293,20.73,10.75,9.88
2027-10-21,2027,10,21,294,18.39,8.74,1.56
2027-10-22,2027,10,22,295,20.36,12.1,2.25
2027-10-23,2027,10,23,296,17.44,11.34,3.41
2027-10-24,2027,10,24,297,17.16,10.88,5.75
2027-10-25,2027,10,25,298,15.14,7.14,15.22
2027-10-26,2027,10,26,299,12.61,7.68,55.11
2027-10-27,2027,10,27,300,18.15,10.16,6.94
2027-10-28,2027,10,28,301,18.24,0.03,6.61
2027-10-29,2027,10,29,302,16.09,8.16,26.31
2027-10-30,2027,10,30,303,11.47,6.3,0.0
2027-10-31,2027,10,31,304,6.25,3.39,10.19
2027-11-01,2027,11,1,305,13.52,9.94,0.0
2027-11-02,2027,11,2,306,16.14,8.56,1.95
2027-11-03,2027,11,3,307,17.48,12.53,1.31
2027-11-04,2027,11,4,308,17.74,6.18,1.1
2027-11-05,2027,11,5,309,14.67,11.92,0.2
2027-11-06,2027,11,6,310,23.3,-4.62,0.26
2027-11-07,2027,11,7,311,16.0,9.19,1.55
2027-11-08,2027,11,8,312,15.33,6.2,1.33
2027-11-09,2027,11,9,313,14.62,6.86,2.2
2027-11-10,2027,11,10,314,10.04,6.02,2.35
2027-11-11,2027,11,11,315,4.95,4.45,0.0
2027-11-12,2027,11,12,316,10.34,3.08,0.0
2027-11-13,2027,11,13,317,16.54,8.2,0.0
2027-11-14,2027,11,14,318,12.71,5.46,3.57
2027-11-15,2027,11,15,319,6.94,4.84,7.7
2027-11-16,2027,11,16,320,13.66,3.38,3.95
2027-11-17,2027,11,17,321,13.22,5.04,0.51
2027-11-18,2027,11,18,322,5.98,-7.7,3.07
2027-11-19,2027,11,19,323,10.14,0.74,5.47
2027-11-20,2027,11,20,324,11.89,6.13,3.37
2027-11-21,2027,11,21,325,8.71,6.12,13.0
2027-11-22,2027,11,22,326,8.42,-2.12,7.27
2027-11-23,2027,11,23,327,12.34,3.23,4.07
2027-11-24,2027,11,24,328,10.34,-2.68,4.69
2027-11-25,2027,11,25,329,14.42,2.26,3.41
2027-11-26,2027,11,26,330,8.1,4.73,5.16
2027-11-27,2027,11,27,331,9.37,-0.1,0.0
2027-11-28,2027,11,28,332,11.44,0.38,4.65
2027-11-29,2027,11,29,333,8.75,2.42,3.56
2027-11-30,2027,11,30,334,5.36,-1.63,16.96
2027-12-01,2027,12,1,335,7.67,-1.26,4.17
2027-12-02,2027,12,2,336,2.85,2.35,4.68
2027-12-03,2027,12,3,337,6.52,6.02,0.0
2027-12-04,2027,12,4,338,6.63,1.17,3.36
2027-12-05,2027,12,5,339,8.18,2.81,0.0
2027-12-06,2027,12,6,340,17.75,6.6,7.51
2027-12-07,2027,12,7,341,6.14,-3.49,0.0
2027-12-08,2027,12,8,342,14.25,1.91,4.8
2027-12-09,2027,12,9,343,14.89,5.82,2.2
2027-12-10,2027,12,10,344,16.14,2.91,8.79
2027-12-11,2027,12,11,345,11.88,6.13,0.0
2027-12-12,2027,12,12,346,14.82,-2.06,4.57
2027-12-13,2027,12,13,347,13.8,-3.72,5.51
2027-12-14,2027,12,14,348,4.75,1.07,6.74
2027-12-15,2027,12,15,349,0.47,-0.03,7.74
2027-12-16,2027,12,16,350,1.22,-0.69,16.82
2027-12-17,2027,12,17,351,9.75,-7.59,18.7
2027-12-18,2027,12,18,352,8.51,1.19,0.0
2027-12-19,2027,12,19,353,-0.54,-1.22,5.43
2027-12-20,2027,12,20,354,5.92,-0.46,5.34
2027-12-21,2027,12,21,355,8.64,-0.8,5.55
2027-12-22,2027,12,22,356,10.14,-5.23,1.01
2027-12-23,2027,12,23,357,8.29,-13.51,8.75
2027-12-24,2027,12,24,358,-6.58,-12.21,2.49
2027-12-25,2027,12,25,359,13.92,-6.21,20.47
2027-12-26,2027,12,26,360,15.68,2.38,3.63
2027-12-27,2027,12,27,361,5.46,4.78,3.16
2027-12-28,2027,12,28,362,5.13,-0.04,14.59
2027-12-29,2027,12,29,363,5.35,-4.27,5.51
2027-12-30,2027,12,30,364,4.6,3.62,12.01
2027-12-31,2027,12,31,365,9.15,-2.77,2.86
2028-01-01,2028,1,1,1,4.84,-1.71,18.41
2028-01-02,2028,1,2,2,11.33,8.24,0.0
2028-01-03,2028,1,3,3,-0.09,-4.62,6.48
2028-01-04,2028,1,4,4,12.93,0.22,2.1
2028-01-05,2028,1,5,5,16.02,-4.93,1.67
2028-01-06,2028,1,6,6,0.62,-2.92,0.0
2028-01-07,2028,1,7,7,4.71,0.42,0.0
2028-01-08,2028,1,8,8,9.36,-1.79,3.28
2028-01-09,2028,1,9,9,1.07,-1.65,1.21
2028-01-10,2028,1,10,10,2.75,-6.67,3.96
2028-01-11,2028,1,11,11,0.29,-4.21,2.96
2028-01-12,2028,1,12,12,-1.13,-3.29,0.0
2028-01-13,2028,1,13,13,1.54,-2.33,14.5
2028-01-14,2028,1,14,14,2.57,-3.1,3.42
2028-01-15,2028,1,15,15,15.98,-11.39,3.44
2028-01-16,2028,1,16,16,9.36,-13.57,0.0
2028-01-17,2028,1,17,17,-6.25,-10.59,0.0
2028-01-18,2028,1,18,18,12.86,0.5,1.67
2028-01-19,2028,1,19,19,-4.67,-11.02,1.22
2028-01-20,2028,1,20,20,7.06,-0.43,5.5
2028-01-21,2028,1,21,21,7.79,-2.33,2.02
2028-01-22,2028,1,22,22,6.63,4.85,0.85
2028-01-23,2028,1,23,23,1.24,-12.93,3.03
2028-01-24,2028,1,24,24,-5.48,-5.98,0.9
2028-01-25,2028,1,25,25,9.08,-11.5,0.0
2028-01-26,2028,1,26,26,-5.02,-5.52,10.17
2028-01-27,2028,1,27,27,-1.28,-1.78,2.89
2028-01-28,2028,1,28,28,-1.64,-2.14,0.0
2028-01-29,2028,1,29,29,10.85,-2.88,0.0
2028-01-30,2028,1,30,30,12.99,3.45,3.53
2028-01-31,2028,1,31,31,9.21,-3.65,3.67
2028-02-01,2028,2,1,32,3.08,1.63,20.14
2028-02-02,2028,2,2,33,3.86,-3.32,2.13
2028-02-03,2028,2,3,34,9.91,-3.46,3.93
2028-02-04,2028,2,4,35,1.07,-13.43,0.0
2028-02-05,2028,2,5,36,4.71,-2.78,2.92
2028-02-06,2028,2,6,37,-4.22,-4.72,1.1
2028-02-07,2028,2,7,38,5.58,-3.35,3.03
2028-02-08,2028,2,8,39,0.14,-9.84,1.3
2028-02-09,2028,2,9,40,4.22,2.16,0.08
2028-02-10,2028,2,10,41,8.19,0.47,2.87
2028-02-11,2028,2,11,42,0.52,0.02,3.68
2028-02-12,2028,2,12,43,-5.25,-11.02,0.88
2028-02-13,2028,2,13,44,14.21,5.83,0.0
2028-02-14,2028,2,14,45,2.15,1.65,4.13
2028-02-15,2028,2,15,46,3.99,-9.99,3.35
2028-02-16,2028,2,16,47,0.21,-0.29,14.81
2028-02-17,2028,2,17,48,2.82,-4.76,10.54
2028-02-18,2028,2,18,49,6.95,-2.52,0.0
2028-02-19,2028,2,19,50,2.03,-1.05,5.63
2028-02-20,2028,2,20,51,-2.5,-3.0,1.59
2028-02-21,2028,2,21,52,7.67,-4.22,2.99
2028-02-22,2028,2,22,53,-2.03,-4.85,0.0
2028-02-23,2028,2,23,54,5.67,1.66,3.47
2028-02-24,2028,2,24,55,10.05,-2.32,2.29
2028-02-25,2028,2,25,56,8.4,2.23,15.68
2028-02-26,2028,2,26,57,13.06,-2.14,3.13
2028-02-27,2028,2,27,58,7.84,-1.49,0.97
2028-02-28,2028,2,28,59,5.5,-3.21,5.59
2028-02-29,2028,2,29,60,4.81,-1.02,8.09
2028-03-01,2028,3,1,61,11.7,-4.48,6.27
2028-03-02,2028,3,2,62,11.06,-0.91,21.59
2028-03-03,2028,3,3,63,8.92,2.03,4.7
2028-03-04,2028,3,4,64,11.58,-4.25,20.87
2028-03-05,2028,3,5,65,16.56,-1.5,9.95
2028-03-06,2028,3,6,66,7.78,1.55,4.75
2028-03-07,2028,3,7,67,13.63,5.33,3.69
2028-03-08,2028,3,8,68,12.05,-0.64,5.2
2028-03-09,2028,3,9,69,2.89,1.27,20.73
2028-03-10,2028,3,10,70,13.92,1.27,13.93
2028-03-11,2028,3,11,71,6.53,0.15,6.43
2028-03-12,2028,3,12,72,4.78,-3.68,9.83
2028-03-13,2028,3,13,73,14.89,-5.33,0.0
2028-03-14,2028,3,14,74,17.81,2.61,3.68
2028-03-15,2028,3,15,75,18.96,-1.0,3.84
2028-03-16,2028,3,16,76,7.06,-2.61,0.41
2028-03-17,2028,3,17,77,8.65,-0.82,0.0
2028-03-18,2028,3,18,78,10.16,2.33,6.09
2028-03-19,2028,3,19,79,8.67,1.64,6.91
2028-03-20,2028,3,20,80,13.83,2.6,1.76
2028-03-21,2028,3,21,81,13.57,4.89,4.45
2028-03-22,2028,3,22,82,4.91,-1.21,4.89
2028-03-23,2028,3,23,83,10.26,8.54,0.36
2028-03-24,2028,3,24,84,12.7,2.95,8.47
2028-03-25,2028,3,25,85,11.94,-3.15,4.95
2028-03-26,2028,3,26,86,-0.8,-1.3,7.29
2028-03-27,2028,3,27,87,20.63,2.34,2.87
2028-03-28,2028,3,28,88,18.91,5.4,5.71
2028-03-29,2028,3,29,89,9.62,6.24,2.84
2028-03-30,2028,3,30,90,8.44,5.48,4.35
2028-03-31,2028,3,31,91,8.59,2.96,0.0
2028-04-01,2028,4,1,92,11.55,6.31,5.79
2028-04-02,2028,4,2,93,7.64,7.14,0.0
2028-04-03,2028,4,3,94,8.4,6.55,12.84
2028-04-04,2028,4,4,95,18.77,-3.23,5.92
2028-04-05,2028,4,5,96,9.59,6.35,3.64
2028-04-06,2028,4,6,97,18.33,3.81,5.7
2028-04-07,2028,4,7,98,15.75,4.54,28.14
2028-04-08,2028,4,8,99,17.78,5.08,0.0
2028-04-09,2028,4,9,100,14.82,1.06,6.57
2028-04-10,2028,4,10,101,20.18,7.79,3.88
2028-04-11,2028,4,11,102,18.01,5.38,0.48
2028-04-12,2028,4,12,103,13.99,5.41,5.73
2028-04-13,2028,4,13,104,13.87,5.38,5.02
2028-04-14,2028,4,14,105,11.09,3.42,3.14
2028-04-15,2028,4,15,106,19.46,9.79,0.0
2028-04-16,2028,4,16,107,23.29,9.85,1.76
2028-04-17,2028,4,17,108,15.29,7.95,2.76
2028-04-18,2028,4,18,109,18.46,6.8,11.15
2028-04-19,2028,4,19,110,15.16,12.88,10.74
2028-04-20,2028,4,20,111,21.02,5.61,2.84
2028-04-21,2028,4,21,112,19.51,8.85,0.0
2028-04-22,2028,4,22,113,4.1,3.6,1.83
2028-04-23,2028,4,23,114,17.27,6.21,23.76
2028-04-24,2028,4,24,115,18.62,8.44,1.83
2028-04-25,2028,4,25,116,12.14,8.39,11.86
2028-04-26,2028,4,26,117,20.14,7.85,6.03
2028-04-27,2028,4,27,118,17.51,7.59,3.2
2028-04-28,2028,4,28,119,18.92,10.46,2.86
2028-04-29,2028,4,29,120,15.83,5.39,0.0
2028-04-30,2028,4,30,121,14.8,13.56,5.75
2028-05-01,2028,5,1,122,18.59,14.5,4.99
2028-05-02,2028,5,2,123,9.48,8.91,5.39
2028-05-03,2028,5,3,124,12.64,12.14,3.47
2028-05-04,2028,5,4,125,18.3,5.51,0.0
2028-05-05,2028,5,5,126,13.39,9.36,0.0
2028-05-06,2028,5,6,127,22.86,8.24,5.44
2028-05-07,2028,5,7,128,25.27,9.13,0.0
2028-05-08,2028,5,8,129,16.08,3.14,5.16
2028-05-09,2028,5,9,130,19.3,3.27,7.34
2028-05-10,2028,5,10,131,16.71,10.98,6.9
2028-05-11,2028,5,11,132,18.82,8.76,2.81
2028-05-12,2028,5,12,133,26.74,9.31,8.52
2028-05-13,2028,5,13,134,20.15,8.15,2.66
2028-05-14,2028,5,14,135,21.34,9.9,0.0
2028-05-15,2028,5,15,136,21.45,14.3,0.0
2028-05-16,2028,5,16,137,18.35,11.23,2.54
2028-05-17,2028,5,17,138,19.73,11.14,2.68
2028-05-18,2028,5,18,139,25.69,6.96,0.44
2028-05-19,2028,5,19,140,24.75,12.89,7.47
2028-05-20,2028,5,20,141,23.06,12.17,0.0
2028-05-21,2028,5,21,142,18.8,12.14,2.22
2028-05-22,2028,5,22,143,16.2,12.22,30.12
2028-05-23,2028,5,23,144,25.91,11.51,3.97
2028-05-24,2028,5,24,145,21.62,15.37,3.05
2028-05-25,2028,5,25,146,23.81,11.27,3.97
2028-05-26,2028,5,26,147,25.3,8.8,2.88
2028-05-27,2028,5,27,148,22.7,13.33,3.04
2028-05-28,2028,5,28,149,23.34,8.51,0.0
2028-05-29,2028,5,29,150,28.94,16.39,7.81
2028-05-30,2028,5,30,151,16.26,15.76,0.0
2028-05-31,2028,5,31,152,33.02,17.86,36.94
2028-06-01,2028,6,1,153,22.42,12.56,10.73
2028-06-02,2028,6,2,154,19.57,11.62,2.03
2028-06-03,2028,6,3,155,27.33,13.03,3.33
2028-06-04,2028,6,4,156,25.79,16.87,1.05
2028-06-05,2028,6,5,157,23.22,19.01,0.0
2028-06-06,2028,6,6,158,26.11,19.93,0.0
2028-06-07,2028,6,7,159,29.15,17.15,3.44
2028-06-08,2028,6,8,160,22.71,14.58,6.0
2028-06-09,2028,6,9,161,31.52,14.6,7.13
2028-06-10,2028,6,10,162,25.14,16.87,1.28
2028-06-11,2028,6,11,163,25.96,17.24,2.12
2028-06-12,2028,6,12,164,26.11,17.12,7.36
2028-06-13,2028,6,13,165,27.58,18.31,3.88
2028-06-14,2028,6,14,166,28.96,14.9,0.0
2028-06-15,2028,6,15,167,24.52,15.59,3.72
2028-06-16,2028,6,16,168,27.13,17.21,0.0
2028-06-17,2028,6,17,169,22.98,14.33,1.95
2028-06-18,2028,6,18,170,25.81,21.02,0.0
2028-06-19,2028,6,19,171,26.43,15.39,1.25
2028-06-20,2028,6,20,172,31.0,21.17,1.64
2028-06-21,2028,6,21,173,40.51,15.12,1.54
2028-06-22,2028,6,22,174,19.69,17.72,0.0
2028-06-23,2028,6,23,175,25.57,23.1,0.48
2028-06-24,2028,6,24,176,29.4,28.9,0.0
2028-06-25,2028,6,25,177,26.73,18.09,2.2
2028-06-26,2028,6,26,178,29.16,15.66,0.0
2028-06-27,2028,6,27,179,32.35,23.04,0.0
2028-06-28,2028,6,28,180,27.82,21.59,4.85
2028-06-29,2028,6,29,181,30.56,20.53,5.18
2028-06-30,2028,6,30,182,29.4,18.8,0.63
2028-07-01,2028,7,1,183,27.09,20.06,0.0
2028-07-02,2028,7,2,184,34.1,17.08,0.0
2028-07-03,2028,7,3,185,37.93,21.1,17.86
2028-07-04,2028,7,4,186,28.58,22.13,2.28
2028-07-05,2028,7,5,187,31.3,20.75,4.71
2028-07-06,2028,7,6,188,29.26,20.77,4.37
2028-07-07,2028,7,7,189,31.76,21.81,3.07
2028-07-08,2028,7,8,190,27.87,21.54,21.79
2028-07-09,2028,7,9,191,30.15,21.97,0.0
2028-07-10,2028,7,10,192,29.22,23.46,0.0
2028-07-11,2028,7,11,193,31.37,22.29,7.42
2028-07-12,2028,7,12,194,31.04,22.08,0.42
2028-07-13,2028,7,13,195,30.94,21.75,8.12
2028-07-14,2028,7,14,196,26.59,22.65,7.13
2028-07-15,2028,7,15,197,29.45,20.16,4.79
2028-07-16,2028,7,16,198,28.49,21.95,0.0
2028-07-17,2028,7,17,199,26.95,24.49,0.0
2028-07-18,2028,7,18,200,32.14,21.77,11.73
2028-07-19,2028,7,19,201,26.2,21.83,6.01
2028-07-20,2028,7,20,202,29.13,19.84,3.74
2028-07-21,2028,7,21,203,28.61,20.05,1.03
2028-07-22,2028,7,22,204,29.71,18.79,4.78
2028-07-23,2028,7,23,205,31.9,20.17,1.36
2028-07-24,2028,7,24,206,27.65,25.8,2.72
2028-07-25,2028,7,25,207,34.07,23.23,13.81
2028-07-26,2028,7,26,208,30.85,23.62,3.03
2028-07-27,2028,7,27,209,31.02,21.68,0.29
2028-07-28,2028,7,28,210,30.93,18.9,1.51
2028-07-29,2028,7,29,211,34.12,21.79,0.0
2028-07-30,2028,7,30,212,28.54,13.45,1.3
2028-07-31,2028,7,31,213,30.26,25.51,12.93
2028-08-01,2028,8,1,214,22.13,21.63,0.0
2028-08-02,2028,8,2,215,28.39,19.72,9.06
2028-08-03,2028,8,3,216,29.45,16.76,2.09
2028-08-04,2028,8,4,217,31.98,18.65,13.09
2028-08-05,2028,8,5,218,28.3,18.97,7.36
2028-08-06,2028,8,6,219,28.54,22.56,1.58
2028-08-07,2028,8,7,220,29.61,20.8,0.0
2028-08-08,2028,8,8,221,29.09,18.41,1.58
2028-08-09,2028,8,9,222,32.21,17.94,12.5
2028-08-10,2028,8,10,223,25.24,21.2,8.98
2028-08-11,2028,8,11,224,30.54,19.3,4.29
2028-08-12,2028,8,12,225,26.02,16.18,4.62
2028-08-13,2028,8,13,226,29.62,18.51,0.0
2028-08-14,2028,8,14,227,29.64,22.25,0.28
2028-08-15,2028,8,15,228,27.36,22.7,3.62
2028-08-16,2028,8,16,229,27.35,20.07,0.0
2028-08-17,2028,8,17,230,26.54,22.32,1.32
2028-08-18,2028,8,18,231,29.45,20.51,1.11
2028-08-19,2028,8,19,232,24.6,14.99,0.0
2028-08-20,2028,8,20,233,27.87,25.99,5.1
2028-08-21,2028,8,21,234,25.23,21.27,4.69
2028-08-22,2028,8,22,235,26.34,19.68,1.82
2028-08-23,2028,8,23,236,28.33,23.71,0.0
2028-08-24,2028,8,24,237,31.33,17.52,3.29
2028-08-25,2028,8,25,238,31.5,20.02,11.35
2028-08-26,2028,8,26,239,34.14,23.14,3.16
2028-08-27,2028,8,27,240,29.06,21.11,2.4
2028-08-28,2028,8,28,241,27.35,21.38,0.57
2028-08-29,2028,8,29,242,28.92,21.73,0.0
2028-08-30,2028,8,30,243,26.9,19.46,4.12
2028-08-31,2028,8,31,244,26.92,17.82,5.1
2028-09-01,2028,9,1,245,26.7,14.97,0.0
2028-09-02,2028,9,2,246,27.18,21.2,1.33
2028-09-03,2028,9,3,247,29.94,15.14,6.36
2028-09-04,2028,9,4,248,22.29,20.69,5.22
2028-09-05,2028,9,5,249,27.42,17.26,6.5
2028-09-06,2028,9,6,250,20.64,18.77,1.61
2028-09-07,2028,9,7,251,30.43,19.15,7.77
2028-09-08,2028,9,8,252,24.84,14.87,4.96
2028-09-09,2028,9,9,253,24.33,13.3,0.0
2028-09-10,2028,9,10,254,23.35,16.31,16.47
2028-09-11,2028,9,11,255,25.33,17.81,0.0
2028-09-12,2028,9,12,256,26.98,20.6,6.34
2028-09-13,2028,9,13,257,26.26,9.79,6.31
2028-09-14,2028,9,14,258,25.94,17.25,2.14
2028-09-15,2028,9,15,259,27.18,19.58,2.11
2028-09-16,2028,9,16,260,24.62,15.88,1.41
2028-09-17,2028,9,17,261,23.19,16.28,0.24
2028-09-18,2028,9,18,262,19.41,12.69,12.24
2028-09-19,2028,9,19,263,24.21,20.84,0.31
2028-09-20,2028,9,20,264,22.53,12.88,2.14
2028-09-21,2028,9,21,265,20.81,9.74,3.53
2028-09-22,2028,9,22,266,20.46,19.96,6.42
2028-09-23,2028,9,23,267,26.82,12.84,0.0
2028-09-24,2028,9,24,268,26.83,15.59,0.0
2028-09-25,2028,9,25,269,21.35,15.27,5.37
2028-09-26,2028,9,26,270,14.32,12.16,8.98
2028-09-27,2028,9,27,271,19.92,13.12,5.55
2028-09-28,2028,9,28,272,19.07,14.1,8.28
2028-09-29,2028,9,29,273,20.68,8.75,0.0
2028-09-30,2028,9,30,274,21.18,13.7,0.0
2028-10-01,2028,10,1,275,18.56,11.94,23.89
2028-10-02,2028,10,2,276,23.0,11.92,12.86
2028-10-03,2028,10,3,277,23.6,14.13,14.29
2028-10-04,2028,10,4,278,23.43,8.87,24.81
2028-10-05,2028,10,5,279,18.05,12.0,0.0
2028-10-06,2028,10,6,280,19.95,15.1,6.12
2028-10-07,2028,10,7,281,24.65,11.47,31.4
2028-10-08,2028,10,8,282,16.12,14.07,2.42
2028-10-09,2028,10,9,283,21.46,10.71,2.66
2028-10-10,2028,10,10,284,19.31,9.68,3.69
2028-10-11,2028,10,11,285,19.19,13.34,1.66
2028-10-12,2028,10,12,286,18.0,10.77,2.84
2028-10-13,2028,10,13,287,21.44,7.29,0.0
2028-10-14,2028,10,14,288,18.23,14.46,0.0
2028-10-15,2028,10,15,289,24.22,3.61,3.02
2028-10-16,2028,10,16,290,17.14,3.38,0.0
2028-10-17,2028,10,17,291,15.68,11.41,1.0
2028-10-18,2028,10,18,292,19.73,6.46,2.22
2028-10-19,2028,10,19,293,17.06,6.28,2.29
2028-10-20,2028,10,20,294,18.15,13.11,13.26
2028-10-21,2028,10,21,295,18.17,8.55,0.74
2028-10-22,2028,10,22,296,12.36,4.68,2.25
2028-10-23,2028,10,23,297,16.69,10.75,0.0
2028-10-24,2028,10,24,298,17.23,10.94,7.11
2028-10-25,2028,10,25,299,18.42,12.58,0.0
2028-10-26,2028,10,26,300,14.51,9.48,61.0
2028-10-27,2028,10,27,301,12.78,10.37,5.79
2028-10-28,2028,10,28,302,20.46,8.43,4.99
2028-10-29,2028,10,29,303,19.17,8.65,0.68
2028-10-30,2028,10,30,304,20.72,6.4,0.0
2028-10-31,2028,10,31,305,12.32,11.82,0.58
2028-11-01,2028,11,1,306,19.35,4.51,10.71
2028-11-02,2028,11,2,307,14.66,5.15,1.58
2028-11-03,2028,11,3,308,18.15,12.14,1.28
2028-11-04,2028,11,4,309,14.32,8.27,1.1
2028-11-05,2028,11,5,310,19.64,0.9,0.25
2028-11-06,2028,11,6,311,25.48,12.3,0.23
2028-11-07,2028,11,7,312,16.83,3.29,2.98
2028-11-08,2028,11,8,313,17.88,9.51,1.33
2028-11-09,2028,11,9,314,16.73,10.93,1.64
2028-11-10,2028,11,10,315,14.5,7.09,2.48
2028-11-11,2028,11,11,316,16.04,-1.15,0.59
2028-11-12,2028,11,12,317,10.69,5.32,4.51
2028-11-13,2028,11,13,318,14.64,14.14,4.04
2028-11-14,2028,11,14,319,13.9,4.81,3.17
2028-11-15,2028,11,15,320,12.68,5.16,0.0
2028-11-16,2028,11,16,321,12.72,0.39,4.32
2028-11-17,2028,11,17,322,17.47,3.34,0.77
2028-11-18,2028,11,18,323,13.5,0.23,1.81
2028-11-19,2028,11,19,324,17.09,1.17,3.07
2028-11-20,2028,11,20,325,14.04,2.65,3.45
2028-11-21,2028,11,21,326,7.41,6.91,0.0
2028-11-22,2028,11,22,327,11.94,4.94,3.53
2028-11-23,2028,11,23,328,11.5,3.61,0.0
2028-11-24,2028,11,24,329,9.25,3.97,4.69
2028-11-25,2028,11,25,330,10.31,1.66,2.64
2028-11-26,2028,11,26,331,7.95,7.45,0.0
2028-11-27,2028,11,27,332,2.05,1.55,0.0
2028-11-28,2028,11,28,333,11.9,4.31,4.9
2028-11-29,2028,11,29,334,11.69,3.28,3.66
2028-11-30,2028,11,30,335,23.35,0.94,0.0
2028-12-01,2028,12,1,336,0.95,0.45,3.41
2028-12-02,2028,12,2,337,8.8,-8.98,4.6
2028-12-03,2028,12,3,338,8.21,6.3,0.0
2028-12-04,2028,12,4,339,9.64,-1.54,3.1
2028-12-05,2028,12,5,340,7.26,1.04,0.0
2028-12-06,2028,12,6,341,6.08,-0.26,6.51
2028-12-07,2028,12,7,342,13.18,3.67,4.7
2028-12-08,2028,12,8,343,3.28,2.48,5.91
2028-12-09,2028,12,9,344,0.85,0.35,10.18
2028-12-10,2028,12,10,345,10.41,1.6,0.19
2028-12-11,2028,12,11,346,14.72,4.84,1.71
2028-12-12,2028,12,12,347,8.31,-2.54,3.57
2028-12-13,2028,12,13,348,-0.16,-2.0,5.51
2028-12-14,2028,12,14,349,5.91,-0.94,2.19
2028-12-15,2028,12,15,350,4.55,0.03,0.0
2028-12-16,2028,12,16,351,10.69,3.2,6.22
2028-12-17,2028,12,17,352,3.96,3.46,0.6
2028-12-18,2028,12,18,353,-1.35,-1.85,0.0
2028-12-19,2028,12,19,354,11.08,-2.87,4.21
2028-12-20,2028,12,20,355,6.64,-4.85,5.87
2028-12-21,2028,12,21,356,4.91,-0.66,6.76
2028-12-22,2028,12,22,357,0.62,-8.7,2.6
2028-12-23,2028,12,23,358,0.24,-5.85,2.22
2028-12-24,2028,12,24,359,2.54,-17.59,5.73
2028-12-25,2028,12,25,360,7.28,-2.07,3.77
2028-12-26,2028,12,26,361,5.23,2.33,3.67
2028-12-27,2028,12,27,362,8.43,-2.95,0.0
2028-12-28,2028,12,28,363,6.65,6.15,0.0
2028-12-29,2028,12,29,364,8.97,3.05,5.32
2028-12-30,2028,12,30,365,5.35,-1.78,1.58
2028-12-31,2028,12,31,366,5.72,-0.69,8.63
